asof,ticker,score,entry_px
2002-01-31,VIAV,1.0,31.854379653930664
2002-01-31,SANM,0.9904761904761905,88.08000183105469
2002-01-31,TIE,0.9809523809523809,0.8799999952316284
2002-01-31,CHKP,0.9714285714285714,36.5
2002-01-31,POWI,0.9619047619047619,7.792421340942383
2002-02-28,NVDA,1.0,0.3770902658496682
2002-02-28,AZO,0.990909090909091,67.2455646609086
2002-02-28,EEFT,0.9846743295019157,18.749715847806048
2002-02-28,SRPT,0.9827586206896551,55.87358732958141
2002-02-28,CACI,0.9789272030651341,34.15217445913592
2002-03-29,RDNT,1.0,3.240000009536743
2002-03-29,WGO,0.9769357495881383,15.75418472290039
2002-03-29,IART,0.9637561779242174,12.716998100280762
2002-03-29,BZH,0.942339373970346,124.8546371459961
2002-03-29,HTLD,0.9060955518945635,6.724893569946289
2002-04-30,CLH,1.0,5.10354153174914
2002-04-30,REX,0.9450171821305842,2.49666690826416
2002-04-30,NOK,0.9176470588235294,8.091577529907227
2002-04-30,KNX,0.915807560137457,6.697461655322121
2002-04-30,SAM,0.9089347079037801,14.356757064837314
2002-05-31,KMX,0.99,13.215111141500687
2002-05-31,FCN,0.9826689774696707,20.480484352727323
2002-05-31,BALL,0.97,4.171295368971896
2002-05-31,PAG,0.9601386481802426,8.59407737280968
2002-05-31,GPK,0.9341421143847487,5.735727535088511
2002-06-28,NVR,0.9867549668874173,317.6341452735816
2002-06-28,MRCY,0.9735099337748344,20.700000762939453
2002-06-28,HOLX,0.9730848861283644,3.588134073864635
2002-06-28,AGCO,0.9544513457556936,15.153584634830592
2002-06-28,SAH,0.9536423841059603,18.376283645629883
2002-07-31,HOV,0.9935483870967742,356.75
2002-07-31,TSCO,0.9893617021276596,0.6032698126313432
2002-07-31,URBN,0.9838709677419355,2.9075000286102295
2002-07-31,DGX,0.9774193548387097,21.649125947806507
2002-07-31,CACC,0.9741935483870968,8.918641782115381
2002-08-30,GD,0.9846153846153847,23.965983572780498
2002-08-30,LOGI,0.9807692307692307,5.896202087402344
2002-08-30,BIO,0.9769230769230769,41.95000076293945
2002-08-30,SMTC,0.9692307692307692,13.210000038146973
2002-08-30,CAKE,0.9653846153846154,14.601021766662598
2002-09-30,EHC,0.9885057471264368,13.854678264093526
2002-09-30,ENTG,0.9846743295019157,7.587266140197568
2002-09-30,SLGN,0.9693486590038314,2.640748890199279
2002-09-30,NSIT,0.9655172413793104,10.149999618530273
2002-09-30,ASGN,0.9616858237547893,8.270000457763672
2002-10-31,LH,0.9871794871794872,19.943856874061254
2002-10-31,PRDO,0.9829059829059829,18.919231414794922
2002-10-31,YUM,0.9743589743589743,5.442832778060562
2002-10-31,PPC,0.9658119658119658,3.791867996959269
2002-10-31,VTR,0.9615384615384616,4.388629239249172
2002-11-29,THC,1.0,77.44389800689365
2002-11-29,ZD,0.9950980392156863,4.00678014755249
2002-11-29,COR,0.9901960784313726,9.333245426620062
2002-11-29,HSIC,0.9803921568627451,8.294330424695524
2002-11-29,CHD,0.9754901960784313,3.7843728325058117
2002-12-31,RYAAY,0.9554455445544554,6.365111351013184
2002-12-31,PENN,0.9455445544554455,1.818332179787559
2002-12-31,CUK,0.9405940594059405,14.819019317626953
2002-12-31,PGR,0.9207920792079208,6.432235033371941
2002-12-31,TTWO,0.9158415841584159,15.659032821655273
2003-01-31,THO,0.9953488372093023,8.353059748568215
2003-01-31,EXAS,0.958139534883721,8.941471905386042
2003-01-31,ACHC,0.9454545454545454,3.240016701476152
2003-01-31,SWK,0.9441860465116279,14.413015687820062
2003-01-31,CTSH,0.9409090909090909,2.2102498947985216
2003-02-28,ICUI,0.9807692307692307,29.219999313354492
2003-02-28,DRI,0.9663461538461539,9.036134807173013
2003-02-28,ROST,0.9567307692307693,3.3857110501938514
2003-02-28,LAD,0.9519230769230769,9.301026208821995
2003-02-28,LMT,0.9471153846153846,24.34399090537894
2003-03-31,RGLD,0.9895833333333334,11.652171244388239
2003-03-31,CPF,0.984375,276.77801513671875
2003-03-31,SCSC,0.9791666666666666,9.375
2003-03-31,SJM,0.9635416666666666,17.047298149539664
2003-03-31,CRL,0.9479166666666666,25.28628841021677
2003-04-30,STE,0.991304347826087,16.39278420187956
2003-04-30,HRB,0.9391304347826087,8.936549718158279
2003-04-30,MCRI,0.8521739130434782,3.853482246398926
2003-04-30,DVA,0.8434782608695652,6.955617816062082
2003-04-30,BHE,0.8173913043478261,9.547493934631348
2003-05-30,JBSS,0.9799498746867168,8.10268783569336
2003-05-30,ROL,0.9736842105263158,1.3344948459234243
2003-05-30,YORW,0.881578947368421,6.177842140197754
2003-05-30,BAX,0.8421052631578947,9.044359070365331
2003-05-30,OSK,0.8157894736842105,10.79889396845535
2003-06-30,ODFL,1.0,1.3365640938610548
2003-06-30,WDC,0.9838709677419355,6.173620876937404
2003-06-30,GRMN,0.9661290322580646,10.375026043562533
2003-06-30,SNN,0.896551724137931,7.6009321212768555
2003-06-30,SCHL,0.7758620689655172,21.43433380126953
2003-07-31,LEN,0.8571428571428571,24.013789376108658
2003-07-31,NEWT,0.8429394812680115,7.488507270812988
2003-07-31,BRO,0.8367346938775511,6.06811652919832
2003-07-31,PTEN,0.7959183673469388,9.506980895996094
2003-07-31,PRGS,0.7175792507204611,11.782576560974121
2003-08-29,MED,1.0,9.92414379119873
2003-08-29,WRLD,0.8880208333333334,13.9399995803833
2003-08-29,CFC,0.875,16.100000381469727
2003-08-29,FE,0.84375,11.069355010986328
2003-08-29,MAT,0.6875,11.039959911748515
2003-09-30,NTES,1.0,2.1679599285125732
2003-09-30,KLIC,0.9816625916870416,9.435264587402344
2003-09-30,FRO,0.9437652811735942,7.4687652587890625
2003-09-30,NLY,0.9375,4.921035760897655
2003-09-30,MTRX,0.9205378973105135,8.914999961853027
2003-10-31,GILD,0.8837209302325582,4.617102072894115
2003-10-31,EME,0.7674418604651163,8.714579524181453
2003-10-31,DINO,0.7441860465116279,1.469645002681349
2003-10-31,STRL,0.7312348668280871,3.299999952316284
2003-10-31,NBIX,0.627906976744186,44.804807959523565
2003-11-28,EA,0.8809523809523809,42.95641051584526
2003-11-28,MTCH,0.7857142857142857,8.34192120204304
2003-11-28,HWBK,0.7686915887850467,14.087158203125
2003-11-28,IAC,0.7619047619047619,5.237185606882635
2003-11-28,FDS,0.7464953271028038,22.01532522574091
2003-12-31,CALM,0.9953325554259043,5.146570205688477
2003-12-31,STAA,0.9498249708284714,11.260000228881836
2003-12-31,MRTN,0.8844807467911319,2.1141631603240967
2003-12-31,CNC,0.8823529411764706,3.5142084981748654
2003-12-31,BBY,0.882147024504084,19.36049343292406
2004-01-30,AMZN,0.9054347826086957,2.49749598992097
2004-01-30,FCX,0.9,11.380498769845014
2004-01-30,CCJ,0.8989130434782608,5.965814590454102
2004-01-30,RS,0.8619565217391304,10.298782947527961
2004-01-30,TTEK,0.8510869565217392,3.998093418892442
2004-02-27,PETS,0.9787946428571429,5.8459153175354
2004-02-27,TTMI,0.9642857142857143,16.149999618530273
2004-02-27,SCCO,0.9229910714285714,2.0418517195750057
2004-02-27,SYNA,0.9196428571428571,12.180000305175781
2004-02-27,MSA,0.9084821428571429,14.920693664082131
2004-03-31,ACLS,0.8933177022274326,44.47999954223633
2004-03-31,SF,0.88042203985932,3.1185201869676678
2004-03-31,JBLU,0.8783783783783784,16.833332061767578
2004-03-31,NICE,0.8124267291910903,11.183133125305176
2004-03-31,CHE,0.7702702702702703,22.32270199020233
2004-04-30,AXON,1.0,16.30928782848713
2004-04-30,SITC,0.990990990990991,0.297213077545166
2004-04-30,OHI,0.9641791044776119,1.8969893713992212
2004-04-30,HR,0.954954954954955,6.285908499249091
2004-04-30,REG,0.9459459459459459,15.301442135092959
2004-05-31,DECK,0.9893939393939394,1.390430768341942
2004-05-31,CENX,0.9727272727272728,23.170000076293945
2004-05-31,NFLX,0.9681818181818181,0.46666257782222065
2004-05-31,FCFS,0.9575757575757575,8.980024337768555
2004-05-31,ITGR,0.9541984732824428,24.79489517211914
2004-06-30,FIX,0.9669540229885057,5.143780778638465
2004-06-30,NSSC,0.9456521739130435,1.3255484104156494
2004-06-30,SNFCA,0.9239130434782609,1.6953239440917969
2004-06-30,GIII,0.9130434782608695,2.5687530040740967
2004-06-30,RDY,0.8913043478260869,1.4454233646392822
2004-07-30,MNST,0.9928698752228164,0.21419417549524156
2004-07-30,PCYO,0.9893048128342246,8.779999732971191
2004-07-30,CPRT,0.9768270944741533,1.3806919472445522
2004-07-30,SYK,0.9290780141843972,37.979084064344754
2004-07-30,WIT,0.9215686274509803,0.8867387175559998
2004-08-31,SAIA,0.9935897435897436,12.381423318979996
2004-08-31,MIDD,0.9799635701275046,8.17770508035272
2004-08-31,BBBY,0.9615384615384616,31.350000381469727
2004-08-31,NPO,0.9489981785063752,18.27186393737793
2004-08-31,VLO,0.9453551912568307,8.491875253270303
2004-09-30,ROG,0.9203539823008849,42.4900016784668
2004-09-30,UVSP,0.7699115044247787,12.457281112670898
2004-09-30,MNRO,0.7610619469026548,6.803349018096924
2004-09-30,TEVA,0.7345132743362832,20.125272750854492
2004-09-30,HRL,0.7256637168141593,4.22662774816812
2004-10-29,VSEC,0.9851973684210527,5.6561455726623535
2004-10-29,STLD,0.9523026315789473,5.331623404347718
2004-10-29,RNR,0.8761061946902655,36.60833302696786
2004-10-29,BSX,0.831858407079646,35.57701595822139
2004-10-29,DAR,0.8256578947368421,3.940765637332791
2004-11-30,PRMB,0.8032786885245902,19.103927389653357
2004-11-30,IDXX,0.7213114754098361,13.037609992274758
2004-11-30,STRA,0.6721311475409836,73.16390991210938
2004-11-30,MLAB,0.5764872521246459,9.368640899658203
2004-11-30,AAON,0.5737704918032787,1.730221590123554
2004-12-31,BOOM,1.0,5.442263603210449
2004-12-31,GEN,0.9629629629629629,9.218249135901651
2004-12-31,HXL,0.945054945054945,13.207164857124269
2004-12-31,BJRI,0.7592592592592593,13.622177124023438
2004-12-31,AZN,0.5740740740740741,16.251920700073242
2005-01-31,ADSK,0.9854439592430859,29.282655552310295
2005-01-31,GBX,0.9461426491994177,19.166166305541992
2005-01-31,SBUX,0.9213973799126638,10.008145368530883
2005-01-31,COHR,0.9155749636098981,9.237412163181434
2005-01-31,EXPO,0.8227848101265823,2.6699700355529785
2005-02-28,EWBC,0.9375,24.600797934178942
2005-02-28,TCBK,0.9125,12.132766723632812
2005-02-28,BOKF,0.8875,24.783522822898753
2005-02-28,SBCF,0.8625,77.70458984375
2005-02-28,GFF,0.775,15.973501205444336
2005-03-31,LNG,0.9983579638752053,30.225684700929488
2005-03-31,WCC,0.9786535303776683,26.88291016285168
2005-03-31,PNFP,0.9689922480620154,17.89477082686901
2005-03-31,CIB,0.9688013136288999,4.452429294586182
2005-03-31,CRS,0.9638752052545156,21.305825212328976
2005-04-29,AAPL,0.9877800407331976,1.091708179463604
2005-04-29,ISRG,0.9796334012219959,4.763425269466236
2005-04-29,VALE,0.9726027397260274,2.252351760864258
2005-04-29,LEU,0.9653767820773931,3488.702880859375
2005-04-29,CLH,0.9592668024439919,8.446539743704063
2005-05-31,HOPE,0.9590643274853801,8.097436904907227
2005-05-31,PII,0.935672514619883,15.012802124023438
2005-05-31,AES,0.9260628465804066,9.532908629339861
2005-05-31,ATI,0.9149722735674677,18.61780671974952
2005-05-31,BALL,0.9064327485380117,7.7451347193130005
2005-06-30,ABEV,0.9862068965517241,0.4817783832550049
2005-06-30,LSTR,0.9793103448275862,23.366805881335896
2005-06-30,FFIV,0.9631490787269682,23.446082672251364
2005-06-30,CLF,0.9597989949748744,12.972048352192058
2005-06-30,OFG,0.9517241379310345,8.987448692321777
2005-07-29,HELE,0.8863636363636364,23.440000534057617
2005-07-29,JBHT,0.875,15.541583182541949
2005-07-29,EPAC,0.8636363636363636,22.477745056152344
2005-07-29,TTC,0.8409090909090909,7.647005550026872
2005-07-29,CASH,0.8295454545454546,4.708195209503174
2005-08-31,WYY,0.9865067466266867,8.399999618530273
2005-08-31,SEB,0.9835082458770614,1156.8874381761402
2005-08-31,TOL,0.9655172413793104,42.93688876323173
2005-08-31,MOH,0.9538461538461539,18.18130878620395
2005-08-31,SCVL,0.9384615384615385,4.291813373565674
2005-09-30,HOV,0.9927536231884058,1280.0
2005-09-30,INGR,0.9637681159420289,13.177916037544113
2005-09-30,JOE,0.9492753623188406,57.87001419067383
2005-09-30,UHT,0.9420289855072463,10.414189338684082
2005-09-30,BMI,0.9143730886850153,7.752549648284912
2005-10-31,TS,0.9887005649717514,13.275415420532227
2005-10-31,NVR,0.9661016949152542,674.112094690527
2005-10-31,OVV,0.9659498207885304,76.40258451711244
2005-10-31,ITRI,0.9623655913978495,43.459999084472656
2005-10-31,CNX,0.9587813620071685,23.019271850585938
2005-11-30,GDEN,0.9927536231884058,10.0481538772583
2005-11-30,SWBI,0.9879518072289156,2.658238172531128
2005-11-30,SGI,0.9782608695652174,2.5744942549108254
2005-11-30,CTRA,0.8846815834767642,3.6794527269149797
2005-11-30,TBI,0.8812392426850258,22.079999923706055
2005-12-30,TIE,0.9970631424375918,15.8149995803833
2005-12-30,NDAQ,0.9926578560939795,9.37165277136627
2005-12-30,BBD,0.986784140969163,2.0913238525390625
2005-12-30,COO,0.9548872180451128,12.44690777563777
2005-12-30,NX,0.9473684210526315,7.196543216705322
2006-01-31,TDS,1.0,21.053756713867188
2006-01-31,TTWO,0.9893617021276596,15.859020233154297
2006-01-31,LOGI,0.8784530386740331,15.279791831970215
2006-01-31,UTHR,0.861878453038674,32.37847537877472
2006-01-31,OXM,0.8404255319148937,28.094091415405273
2006-02-28,HP,0.9424657534246575,17.59976577758789
2006-02-28,HAL,0.9260273972602739,24.576800768025766
2006-02-28,RRC,0.9246575342465754,21.315036028585904
2006-02-28,SHEN,0.8602739726027397,3.613781452178955
2006-02-28,BZH,0.8598130841121495,309.8860168457031
2006-03-31,PPC,0.9893617021276596,13.391348868586908
2006-03-31,URBN,0.9680851063829787,24.540000915527344
2006-03-31,RES,0.9468085106382979,4.89030122756958
2006-03-31,PLPC,0.9361702127659575,25.636459350585938
2006-03-31,UFCS,0.925531914893617,18.830799102783203
2006-04-28,UNH,0.954954954954955,38.361201031800036
2006-04-28,USNA,0.918918918918919,18.295000076293945
2006-04-28,DLX,0.9099099099099099,10.668639183044434
2006-04-28,UNF,0.9009009009009009,28.717304229736328
2006-04-28,AOS,0.8940568475452196,5.68164564513695
2006-05-31,ACAD,1.0,10.359999656677246
2006-05-31,NEU,0.9954407294832827,34.642604433326284
2006-05-31,ANDE,0.9924012158054711,24.913490295410156
2006-05-31,EXP,0.9910313901345291,40.44288409290324
2006-05-31,GGB,0.9802431610942249,2.927522897720337
2006-06-30,ALNY,0.9644268774703557,14.313546504206334
2006-06-30,MTW,0.959546925566343,19.014019012451172
2006-06-30,CRM,0.9565217391304348,6.582071648991597
2006-06-30,TISI,0.9486166007905138,125.25
2006-06-30,OSK,0.932806324110672,37.70796371500874
2006-07-31,SVB,0.9851851851851852,4.0
2006-07-31,GFI,0.9740740740740741,11.958401679992676
2006-07-31,WSO,0.9726962457337884,22.681650751182325
2006-07-31,HOLX,0.9722222222222222,22.272715651143965
2006-07-31,EXPD,0.9666666666666667,35.923149977325885
2006-08-31,MED,1.0,8.993042945861816
2006-08-31,CHH,0.9966887417218543,21.625043315819664
2006-08-31,PRDO,0.9900662251655629,18.065481185913086
2006-08-31,ILMN,0.9849906191369606,16.053729594894875
2006-08-31,MCRI,0.9801324503311258,16.960683822631836
2006-09-29,SNEX,0.9935897435897436,6.918519020080566
2006-09-29,OII,0.9803149606299213,13.613327980041504
2006-09-29,BHP,0.9763779527559056,13.184821128845215
2006-09-29,NUE,0.9631410256410257,28.982292517727178
2006-09-29,ADM,0.9487179487179487,23.27069438692515
2006-10-31,NBIX,1.0,11.038727147775244
2006-10-31,UFPI,0.9895833333333334,12.41083812713623
2006-10-31,ODFL,0.984375,3.8924231161726834
2006-10-31,UFPT,0.978448275862069,5.440000057220459
2006-10-31,MRVL,0.96875,15.432506431494469
2006-11-30,TTI,0.9550561797752809,24.626447677612305
2006-11-30,HUM,0.8980891719745223,47.2948554233122
2006-11-30,FTI,0.89171974522293,9.710165277408278
2006-11-30,FAST,0.8535031847133758,2.8330823081215493
2006-11-30,CHRW,0.8471337579617835,28.88166991677002
2006-12-29,UVE,0.9985795454545454,0.9987111687660217
2006-12-29,EVO,0.9822485207100592,0.4164089858531952
2006-12-29,STRL,0.9349112426035503,21.760000228881836
2006-12-29,PTEN,0.8698224852071006,16.327438354492188
2006-12-29,TSCO,0.8047337278106509,1.8047636980220843
2007-01-31,CFC,1.0,11.25
2007-01-31,NVDA,0.9412550066755674,0.45315887061597915
2007-01-31,NTGR,0.9279038718291055,15.973944664001465
2007-01-31,POOL,0.9182389937106918,27.18789481781464
2007-01-31,ZD,0.89937106918239,19.16019058227539
2007-02-28,CNS,0.991869918699187,16.740800857543945
2007-02-28,LVS,0.9823848238482384,54.636733566984006
2007-02-28,AZZ,0.9728997289972899,7.900136947631836
2007-02-28,BLKB,0.95625,19.171010971069336
2007-02-28,WRLD,0.91875,41.0
2007-03-30,PSA,0.9567567567567568,48.26726050511009
2007-03-30,EFSC,0.9459459459459459,20.436548233032227
2007-03-30,KRC,0.9405405405405406,34.68935011871388
2007-03-30,AKAM,0.93202416918429,50.10496086167869
2007-03-30,KMX,0.9169184290030211,24.50312413477163
2007-04-30,IMKTA,0.9952456418383518,22.59529685974121
2007-04-30,MTRN,0.9857369255150554,42.73039245605469
2007-04-30,UCTT,0.9778129952456418,14.640000343322754
2007-04-30,ACHC,0.9239302694136292,12.757565958199892
2007-04-30,AVB,0.9146341463414634,62.4494965943567
2007-05-31,HLIT,0.9735849056603774,9.100000381469727
2007-05-31,CTSH,0.9541984732824428,17.28593033405397
2007-05-31,RYAAY,0.9312977099236641,13.422649383544922
2007-05-31,UNFI,0.9236641221374046,27.3700008392334
2007-05-31,BRKR,0.9006289308176101,8.183256288326406
2007-06-29,TTEC,0.9928571428571429,26.913930892944336
2007-06-29,KIM,0.9702380952380952,15.213175985098419
2007-06-29,SITC,0.9642857142857143,0.8902794122695923
2007-06-29,CAL,0.9583333333333334,17.37106704711914
2007-06-29,SPG,0.9464285714285714,38.956062504746704
2007-07-31,THRM,0.9868667917448405,16.06999969482422
2007-07-31,IMMR,0.9849906191369606,13.786713600158691
2007-07-31,NRG,0.9836956521739131,29.098229262140606
2007-07-31,TPC,0.9831144465290806,58.68977737426758
2007-07-31,CALM,0.9812382739212008,5.199522972106934
2007-08-31,ALGN,1.0,22.392111035336036
2007-08-31,HALO,0.9905482041587902,8.460731825545793
2007-08-31,RBC,0.9818731117824774,32.05417889970169
2007-08-31,RL,0.9788519637462235,58.04276605238312
2007-08-31,MTRX,0.9697885196374623,18.920000076293945
2007-09-28,DINO,0.9894736842105263,14.667791253560058
2007-09-28,WEN,0.9789473684210527,7.252035994818736
2007-09-28,PHM,0.9754385964912281,11.279220461738207
2007-09-28,CBRE,0.9578947368421052,27.68108810044672
2007-09-28,HUBG,0.9543859649122807,14.597107887268066
2007-10-31,RDN,1.0,10.077518463134766
2007-10-31,OSPN,0.992619926199262,25.29730987548828
2007-10-31,TPR,0.988929889298893,23.83745160662841
2007-10-31,MPWR,0.9867109634551495,18.56404978460405
2007-10-31,RWT,0.9630996309963099,5.342453479766846
2007-11-30,MNST,1.0,3.6285482299272145
2007-11-30,SCCO,0.9952038369304557,17.064534823133457
2007-11-30,VSEC,0.9933628318584071,22.398841857910156
2007-11-30,SAM,0.9928057553956835,32.86212050109965
2007-11-30,FMCC,0.9808153477218226,33.95070266723633
2007-12-31,MBI,0.9977116704805492,8.12682819366455
2007-12-31,VHI,0.9908466819221968,42.683982849121094
2007-12-31,CM,0.988558352402746,14.631617546081543
2007-12-31,JLL,0.9862700228832952,65.91308867964761
2007-12-31,FXI,0.9816933638443935,37.30403137207031
2008-01-31,BIDU,1.0,27.9950008392334
2008-01-31,MOS,1.0,66.67403551747987
2008-01-31,SYNA,0.9984202211690363,17.666667938232422
2008-01-31,CROX,0.9968404423380727,35.16439695269476
2008-01-31,GRMN,0.995260663507109,39.21874199109722
2008-02-29,CMG,0.9984779299847792,1.9879957208227375
2008-02-29,HURN,0.9908675799086758,53.060001373291016
2008-02-29,RBA,0.989345509893455,16.666280136183662
2008-02-29,HDB,0.9878234398782344,4.6831512451171875
2008-02-29,DECK,0.984779299847793,6.153490452291816
2008-03-31,CF,0.9968152866242038,14.29880798584419
2008-03-31,BOOM,0.9920382165605095,39.264522552490234
2008-03-31,PBR,0.9904458598726115,12.304219245910645
2008-03-31,INVA,0.9856687898089171,7.899990081787109
2008-03-31,BG,0.9665605095541401,57.75026991558375
2008-04-30,ISRG,1.0,32.088225338731725
2008-04-30,MGM,0.9899799599198397,47.863206360712
2008-04-30,UAL,0.9779559118236473,14.505241577675365
2008-04-30,MORN,0.9679358717434869,51.412287794560434
2008-04-30,CME,0.9659318637274549,45.09945745564134
2008-05-30,LNG,0.9976744186046511,4.5917190846219835
2008-05-30,DKS,0.986046511627907,16.73742126959471
2008-05-30,DDS,0.9720930232558139,10.774397443534305
2008-05-30,BYD,0.9697674418604652,15.085967638632322
2008-05-30,WYNN,0.9674418604651163,60.885356055825774
2008-06-30,MA,1.0,24.125022269208777
2008-06-30,LKQ,0.9953271028037384,7.9961735451903335
2008-06-30,VALE,0.9906542056074766,12.712991714477539
2008-06-30,ITUB,0.9742990654205608,3.080167293548584
2008-06-30,KEX,0.9672897196261683,47.46060381957914
2008-07-31,SAFE,0.9963636363636363,29.213491439819336
2008-07-31,DIN,0.9872727272727273,12.714502334594727
2008-07-31,ICL,0.9853658536585366,11.348976135253906
2008-07-31,ATI,0.9836363636363636,42.44584525430434
2008-07-31,PENN,0.9745454545454545,6.541867540777163
2008-08-29,STLD,0.9941520467836257,16.767306961757615
2008-08-29,TWI,0.9883040935672515,26.002330780029297
2008-08-29,DAR,0.9727095516569201,13.838033045757536
2008-08-29,CENX,0.9649122807017544,48.7599983215332
2008-08-29,SLV,0.9629629629629629,13.369999885559082
2008-09-30,CLF,0.9932998324958124,48.77065677035369
2008-09-30,CRS,0.981574539363484,19.035896583276728
2008-09-30,RIO,0.9698492462311558,19.341394424438477
2008-09-30,CLH,0.9622641509433962,34.37131158749327
2008-09-30,GTLS,0.9614740368509213,28.559999465942383
2008-10-31,TS,0.9957805907172996,13.047815322875977
2008-10-31,BMI,0.9943741209563994,10.264444351196289
2008-10-31,CNX,0.9901547116736991,24.22755241394043
2008-10-31,FMX,0.9887482419127989,17.99140167236328
2008-10-31,FRO,0.9845288326300985,67.31988525390625
2008-11-28,ENS,0.9916550764951322,7.521301746368408
2008-11-28,VTR,0.9860917941585535,12.114626393168997
2008-11-28,WWD,0.9833101529902643,18.713791425973927
2008-11-28,SLG,0.9819193324061196,9.559398651123047
2008-11-28,DIOD,0.980528511821975,4.670000076293945
2008-12-31,CTRA,0.9939393939393939,4.575247309666302
2008-12-31,CSX,0.9893939393939394,2.5393636060960145
2008-12-31,SDS,0.9836065573770492,22947.958984375
2008-12-31,AME,0.9803030303030303,11.970188053059212
2008-12-31,EOG,0.9787878787878788,22.78707909884227
2009-01-30,AFL,0.9954407294832827,7.56322866602879
2009-01-30,WFC,0.993920972644377,12.061045786490611
2009-01-30,BLK,0.9878419452887538,69.570014062696
2009-01-30,BAC,0.9848024316109423,5.011922175249387
2009-01-30,TRMB,0.9817629179331308,7.367118013031339
2009-02-27,ING,0.9908592321755028,2.454026222229004
2009-02-27,CMI,0.9817184643510055,14.011413300919576
2009-02-27,FCFS,0.9744058500914077,11.909429550170898
2009-02-27,ARE,0.9689213893967094,22.19972621114814
2009-02-27,PFG,0.9670932358318098,4.578401242368495
2009-03-31,AVAV,1.0,20.899999618530273
2009-03-31,SH,0.9967585089141004,515.3889770507812
2009-03-31,MAC,0.9870340356564019,2.5274434089660645
2009-03-31,GD,0.9854132901134521,28.05850272641629
2009-03-31,RSG,0.9821717990275527,11.862212933530216
2009-04-30,SHEN,0.9982993197278912,5.093005657196045
2009-04-30,RGLD,0.9948979591836735,30.119633736723145
2009-04-30,RRC,0.9829931972789115,36.00294791073222
2009-04-30,FE,0.9693877551020408,18.77938461303711
2009-04-30,NOV,0.9659863945578231,21.058472801047902
2009-05-29,GIII,0.9891891891891892,3.321834087371826
2009-05-29,SR,0.9783783783783784,16.109189987182617
2009-05-29,UMBF,0.9747747747747748,29.825769424438477
2009-05-29,GME,0.9711711711711711,4.242816889032984
2009-05-29,SWBI,0.9693693693693693,3.3497612476348877
2009-06-30,MTW,0.998109640831758,4.583499431610107
2009-06-30,GGB,0.9867674858223062,4.657702922821045
2009-06-30,MFC,0.9678638941398866,9.045045852661133
2009-06-30,LECO,0.9603024574669187,13.344193672520868
2009-06-30,TISI,0.9584120982986768,156.6999969482422
2009-07-31,HWKN,1.0,6.987159252166748
2009-07-31,VMI,0.9751693002257337,61.77504556218822
2009-07-31,RS,0.963882618510158,25.052421809739453
2009-07-31,FMC,0.9480812641083521,15.864597230584414
2009-07-31,CRL,0.9435665914221218,32.7671447887734
2009-08-31,FSLR,0.9730458221024259,122.22563788079322
2009-08-31,RILY,0.9514824797843666,46.962493896484375
2009-08-31,BKE,0.9487870619946092,5.579737663269043
2009-08-31,KOF,0.9460916442048517,27.864103317260742
2009-08-31,KOP,0.9353099730458221,22.882740020751953
2009-09-30,FCN,0.9642857142857143,42.79209446307469
2009-09-30,SPGI,0.9553571428571429,18.73510998891592
2009-09-30,GVA,0.9375,24.301300048828125
2009-09-30,MCO,0.9196428571428571,16.714876571232978
2009-09-30,TRNS,0.9017857142857143,5.349999904632568
2009-10-30,GNW,0.986013986013986,10.619999885559082
2009-10-30,CENTA,0.9766899766899767,7.567999839782715
2009-10-30,PEGA,0.9545454545454546,6.844008207654996
2009-10-30,NTES,0.9354838709677419,5.995461463928223
2009-10-30,PAG,0.9300699300699301,11.141726272687736
2009-11-30,ILMN,0.9920634920634921,27.569706697243376
2009-11-30,NOG,0.9420935412026726,74.282958984375
2009-11-30,ABG,0.9142538975501113,10.65999984741211
2009-11-30,ALNY,0.9126984126984127,15.955617394480566
2009-11-30,POWL,0.9047619047619048,8.491456031799316
2009-12-31,TXMD,0.9397089397089398,6500.0
2009-12-31,GILD,0.9375,14.649458551251312
2009-12-31,DB,0.9002079002079002,41.8183479309082
2009-12-31,MOV,0.8875,5.884503364562988
2009-12-31,SNEX,0.875,4.30814790725708
2010-01-29,PERI,0.9651972157772621,19.669445037841797
2010-01-29,THM,0.9477958236658933,6.019999980926514
2010-01-29,LAMR,0.9454756380510441,15.913846799690182
2010-01-29,CRM,0.9436619718309859,15.689821498397846
2010-01-29,WYY,0.9327146171693735,6.699999809265137
2010-02-26,AGO,0.9797872340425532,16.124278176328886
2010-02-26,HIG,0.9606382978723405,17.698966372055466
2010-02-26,IONS,0.9523809523809523,8.31625588658774
2010-02-26,TTI,0.9468085106382979,9.60660171508789
2010-02-26,SAN,0.9285714285714286,5.296322345733643
2010-03-31,UVE,0.9629629629629629,2.474391460418701
2010-03-31,CFC,0.8888888888888888,40.0
2010-03-31,MSTR,0.8847695390781564,8.487041734333925
2010-03-31,HP,0.8395061728395061,20.855241775512695
2010-03-31,JHX,0.814629258517034,4.63523038449253
2010-04-30,TIE,1.0,15.420000076293945
2010-04-30,POWI,0.8998988877654196,16.680116653442383
2010-04-30,AEIS,0.8695652173913043,14.432638168334961
2010-04-30,NVDA,0.8361981799797775,0.3484074732454528
2010-04-30,TTE,0.7866666666666666,21.203277587890625
2010-05-31,FTI,0.9710144927536232,19.82336689197957
2010-05-31,BKNG,0.9528985507246377,187.974296394682
2010-05-31,UFPT,0.946866485013624,8.829999923706055
2010-05-31,BBVA,0.9456521739130435,4.192214488983154
2010-05-31,WDC,0.9420289855072463,20.86443706738984
2010-06-30,BP,0.9972677595628415,12.412148475646973
2010-06-30,OCSL,0.9918032786885246,6.496494770050049
2010-06-30,UCTT,0.9791666666666666,8.520000457763672
2010-06-30,RDNT,0.9699453551912568,2.369999885559082
2010-06-30,LULU,0.9699074074074074,18.035338612339114
2010-07-30,NFLX,0.9836065573770492,1.4537125814582526
2010-07-30,AKAM,0.9672131147540983,38.5021314049508
2010-07-30,OII,0.9388646288209607,21.86972427368164
2010-07-30,CAL,0.9360655737704918,11.468709945678711
2010-07-30,TMO,0.9213973799126638,42.82648756214532
2010-08-31,CRUS,0.9975490196078431,15.12686761530294
2010-08-31,ALK,0.9632352941176471,9.77129016731906
2010-08-31,ESLT,0.945619335347432,37.89207077026367
2010-08-31,PRIM,0.9425981873111783,5.165111064910889
2010-08-31,KWR,0.9338235294117647,23.984617233276367
2010-09-30,STRA,0.9940476190476191,127.1954116821289
2010-09-30,TX,0.9702380952380952,16.511402130126953
2010-09-30,DLB,0.9642857142857143,43.46571603445579
2010-09-30,CALM,0.9583333333333334,9.25377368927002
2010-09-30,LII,0.9404761904761905,34.352279336622104
2010-10-29,EXAS,0.99375,6.845814531653621
2010-10-29,SUZ,0.9504132231404959,8.507586479187012
2010-10-29,SIMO,0.9375,3.8174688816070557
2010-10-29,EQIX,0.8842975206611571,62.18432617449969
2010-10-29,PETS,0.8760330578512396,8.663698196411133
2010-11-30,XPO,0.979064039408867,3.1578231452159704
2010-11-30,DLR,0.9736842105263158,28.074033387411994
2010-11-30,TFSL,0.956140350877193,4.160941648678747
2010-11-30,FAS,0.9210526315789473,7.511043071746826
2010-11-30,LOPE,0.8596491228070176,19.196066048382566
2010-12-31,RES,0.9910414333706606,9.432158470153809
2010-12-31,CASH,0.9830508474576272,3.930183172225952
2010-12-31,VHI,0.9322033898305084,64.40872192382812
2010-12-31,TITN,0.9171332586786114,19.299999237060547
2010-12-31,HCKT,0.6763717805151176,2.644275426864624
2011-01-31,CROX,0.9809428284854563,16.56638198979726
2011-01-31,BMA,0.954864593781344,28.00753402709961
2011-01-31,ABEV,0.9375,2.533986806869507
2011-01-31,PVH,0.8284854563691073,57.77708766673783
2011-01-31,F,0.7923771313941825,8.1601145000036
2011-02-28,ACLS,0.9789251844046365,11.0
2011-02-28,IDCC,0.946259220231823,35.88214874267578
2011-02-28,FFIV,0.9357218124341412,117.0667332110925
2011-02-28,BAP,0.9166666666666666,69.75385284423828
2011-02-28,TROO,0.8541666666666666,18.399999618530273
2011-03-31,AXTI,0.9830508474576272,7.170000076293945
2011-03-31,LVS,0.9563269876819709,26.717200246342873
2011-03-31,URBN,0.8983050847457628,29.829999923706055
2011-03-31,SCCO,0.847457627118644,21.902605259636005
2011-03-31,HMC,0.7796610169491526,26.64881134033203
2011-04-29,HLIT,0.9169363538295577,8.279999732971191
2011-04-29,REGN,0.9158576051779935,49.603432700037146
2011-04-29,MOS,0.9018338727076591,56.97841629895837
2011-04-29,MKSI,0.8683926645091694,23.30612482041203
2011-04-29,MNRO,0.7872340425531915,22.532306671142578
2011-05-31,OLED,0.991675338189386,47.380727730544876
2011-05-31,UAA,0.9302809573361083,8.188522298734782
2011-05-31,SWKS,0.9178082191780822,20.0486186136655
2011-05-31,HBM,0.863013698630137,14.10001277923584
2011-05-31,SAM,0.821917808219178,82.98205341747165
2011-06-30,CIEN,0.9478260869565217,17.98798875268915
2011-06-30,CBRE,0.9290697674418604,24.966671526142267
2011-06-30,MTRN,0.9209302325581395,32.89759063720703
2011-06-30,DE,0.8695652173913043,62.508053652845994
2011-06-30,NX,0.8347826086956521,13.625362396240234
2011-07-29,TNA,1.0,16.892929077148438
2011-07-29,EGHT,0.9953271028037384,3.9000000953674316
2011-07-29,SW,0.9813664596273292,7.149086231681466
2011-07-29,ENTG,0.9781931464174455,8.368451417283572
2011-07-29,CVLT,0.9626168224299065,38.720001220703125
2011-08-31,SPXL,0.9947916666666666,4.535207271575928
2011-08-31,DECK,0.9895833333333334,14.843125995915557
2011-08-31,AAON,0.9869791666666666,4.662466847165703
2011-08-31,ALB,0.9817708333333334,40.62834199001038
2011-08-31,IPGP,0.98005698005698,55.70718462182616
2011-09-30,GTLS,0.9980657640232108,42.18000030517578
2011-09-30,DAR,0.9961315280464217,12.689063653765187
2011-09-30,CE,0.9922630560928434,25.13786016106489
2011-09-30,AVGO,0.9864603481624759,2.353818021716062
2011-09-30,TWI,0.9845261121856866,14.673439979553223
2011-10-31,JAZZ,0.9929577464788732,37.55009347732564
2011-10-31,SLV,0.9825174825174825,33.439998626708984
2011-10-31,COHR,0.9755244755244755,18.958511303903265
2011-10-31,RBA,0.972027972027972,14.814628597143589
2011-10-31,NVO,0.965034965034965,7.729160785675049
2011-11-30,DINO,0.9963768115942029,12.778722362890147
2011-11-30,CF,0.9891304347826086,19.67393814351608
2011-11-30,YINN,0.9818840579710145,362.2609558105469
2011-11-30,BIDU,0.9710144927536232,130.99000549316406
2011-11-30,SGI,0.967391304347826,12.784006072227951
2011-12-30,NATR,0.9883177570093458,10.613495826721191
2011-12-30,FTNT,0.9814126394052045,4.273055472933278
2011-12-30,CLF,0.9628252788104089,59.32767482484026
2011-12-30,NDSN,0.9553903345724907,35.213691059332625
2011-12-30,HAL,0.9479553903345725,26.614179523347165
2012-01-31,CTRA,1.0,11.338851882163791
2012-01-31,EDU,0.9580838323353293,22.10965919494629
2012-01-31,CEVA,0.9281437125748503,27.010000228881836
2012-01-31,ENS,0.8862275449101796,25.55302619934082
2012-01-31,ICL,0.8682634730538922,6.732442855834961
2012-02-29,GNRC,1.0,16.74941086338937
2012-02-29,PSMT,0.9895366218236173,55.50088882446289
2012-02-29,NEU,0.9787234042553191,141.24410600968213
2012-02-29,MITK,0.9671150971599403,10.399999618530273
2012-02-29,CHT,0.950354609929078,16.44341278076172
2012-03-30,MLAB,0.9826224328593997,45.665645599365234
2012-03-30,SMP,0.9794628751974723,13.147991180419922
2012-03-30,BKR,0.9333333333333333,21.41188437536163
2012-03-30,STGW,0.8916666666666667,6.090385437011719
2012-03-30,FCX,0.8833333333333333,30.319145036387706
2012-04-30,REX,0.9890795631825273,4.623332977294922
2012-04-30,RGLD,0.9821428571428571,52.82208553731161
2012-04-30,FCFS,0.9285714285714286,35.71086120605469
2012-04-30,CNC,0.8892355694227769,9.934131655986963
2012-04-30,NEM,0.8839285714285714,34.95447982904305
2012-05-31,TQQQ,0.9844559585492227,0.4519571363925934
2012-05-31,FAST,0.9430051813471503,7.714838986688138
2012-05-31,SM,0.9378238341968912,47.5318489074707
2012-05-31,CMI,0.9067357512953368,68.30965124980358
2012-05-31,RIO,0.9015544041450777,17.125391006469727
2012-06-29,RGR,0.984304932735426,24.253711700439453
2012-06-29,ORLY,0.9715909090909091,5.597667675733122
2012-06-29,KEX,0.9659090909090909,46.5509440568489
2012-06-29,CLH,0.9431818181818182,57.41611396656053
2012-06-29,TSCO,0.9204545454545454,6.832200434159978
2012-07-31,MNST,0.9870967741935484,11.103808446908097
2012-07-31,ASGN,0.9690444145356663,15.59000015258789
2012-07-31,ISRG,0.967741935483871,53.4138173062649
2012-07-31,TKR,0.9419354838709677,19.33105331410068
2012-07-31,TSLA,0.9161290322580645,1.842304422549813
2012-08-31,CMG,0.9572649572649573,5.77860119393005
2012-08-31,NUS,0.9230769230769231,27.39194679260254
2012-08-31,DLTR,0.905982905982906,47.733189493738024
2012-08-31,SEM,0.8886198547215496,4.102496147155762
2012-08-31,BLKB,0.8461538461538461,22.75432586669922
2012-09-28,NKE,0.7692307692307693,19.818606814664207
2012-09-28,TPR,0.7472527472527473,38.26319358569893
2012-09-28,LECO,0.7362637362637363,30.739033688915093
2012-09-28,HUM,0.6813186813186813,62.49473466405368
2012-09-28,INCY,0.6593406593406593,17.64385036565997
2012-10-31,HCI,1.0,14.991098403930664
2012-10-31,EW,0.9545454545454546,14.405605181657004
2012-10-31,AAPL,0.9454545454545454,18.100568622202914
2012-10-31,TRNS,0.9181818181818182,5.230000019073486
2012-10-31,TDC,0.9090909090909091,68.74519017743683
2012-11-30,OSIS,0.9805825242718447,61.279998779296875
2012-11-30,ROST,0.9514563106796117,24.731102551194567
2012-11-30,PEGA,0.9320388349514563,4.914352219797206
2012-11-30,NJR,0.912621359223301,12.932373046875
2012-11-30,SUI,0.9029126213592233,23.8056750444873
2012-12-31,MED,0.9654320987654321,19.976964950561523
2012-12-31,GAP,0.9617283950617284,20.553563926335134
2012-12-31,DRI,0.9247311827956989,27.541178223318077
2012-12-31,NTES,0.9139784946236559,6.602458477020264
2012-12-31,DKS,0.8709677419354839,33.65525667045028
2013-01-31,STZ,0.9581958195819582,27.232603390695957
2013-01-31,STAA,0.9411764705882353,5.659999847412109
2013-01-31,MTCH,0.9117647058823529,10.866781595706636
2013-01-31,IAC,0.8970588235294118,6.946946294641725
2013-01-31,PRGO,0.8823529411764706,75.56116274454757
2013-02-28,NOG,0.918918918918919,111.30265808105469
2013-02-28,NEWT,0.8991596638655462,2.7498257160186768
2013-02-28,SPGI,0.8918918918918919,39.74857575254136
2013-02-28,BAH,0.8513513513513513,8.701049195563408
2013-02-28,BJRI,0.7702702702702703,29.95905876159668
2013-03-28,CVI,0.9849246231155779,16.544891357421875
2013-03-28,ULTA,0.8448275862068966,81.78936571221122
2013-03-28,TCBI,0.8275862068965517,40.45000076293945
2013-03-28,UNFI,0.8103448275862069,49.20000076293945
2013-03-28,CIG,0.7068965517241379,1.7818679809570312
2013-04-30,CACC,0.9830508474576272,97.26167009579873
2013-04-30,WGO,0.9817483189241114,14.91170883178711
2013-04-30,LPX,0.9750240153698367,15.849650179139886
2013-04-30,CTSH,0.8983050847457628,28.5165062016532
2013-04-30,POWL,0.8866474543707973,11.912230491638184
2013-05-31,KOF,0.9444444444444444,97.80178833007812
2013-05-31,TISI,0.7222222222222222,360.70001220703125
2013-05-31,TILE,0.7040441176470589,15.137977600097656
2013-05-31,RRX,0.6944444444444444,54.23943821137067
2013-05-31,IDXX,0.6388888888888888,41.6597143944602
2013-06-28,MPC,0.9912280701754386,24.486407623510168
2013-06-28,PERI,0.9899497487437185,34.349998474121094
2013-06-28,BBSI,0.9839195979899498,10.700024604797363
2013-06-28,STAG,0.9824561403508771,10.811940776243262
2013-06-28,AGNC,0.9736842105263158,4.705262832409664
2013-07-31,FMX,0.9594594594594594,75.45651245117188
2013-07-31,UHT,0.9459459459459459,22.6843204498291
2013-07-31,VTR,0.918918918918919,43.47203474724717
2013-07-31,O,0.9054054054054054,23.12908871746505
2013-07-31,TREX,0.8981132075471698,5.969367559302604
2013-08-30,PLUS,0.9931972789115646,12.866067886352539
2013-08-30,PPC,0.9903536977491961,9.56390297572075
2013-08-30,WPC,0.9795918367346939,30.7637966537871
2013-08-30,IMMR,0.9785637727759914,11.284058570861816
2013-08-30,THD,0.9455782312925171,47.71284484863281
2013-09-30,ZG,0.989247311827957,26.016392934305465
2013-09-30,UVE,0.964,4.410725116729736
2013-09-30,NNN,0.9139784946236559,17.424116610600674
2013-09-30,HRB,0.877,17.030198111813416
2013-09-30,ELS,0.8602150537634409,12.448954422341856
2013-10-31,ACAD,1.0,22.729999542236328
2013-10-31,SRPT,0.9573679332715477,39.09744621215916
2013-10-31,WYY,0.9406858202038925,8.0
2013-10-31,DCO,0.927710843373494,24.860000610351562
2013-10-31,BMRN,0.898989898989899,62.10135031122837
2013-11-29,SPSC,0.9642857142857143,32.8849983215332
2013-11-29,CHRD,0.9196428571428571,26.20113187487349
2013-11-29,RYN,0.9017857142857143,17.89685574276973
2013-11-29,NLY,0.8928571428571429,9.261301529823612
2013-11-29,EVO,0.8240223463687151,2.7249999046325684
2013-12-31,GMAB,0.9821092278719398,3.9140000343322754
2013-12-31,USNA,0.9595103578154426,37.790000915527344
2013-12-31,PRAA,0.9313725490196079,52.84000015258789
2013-12-31,WELL,0.9019607843137255,33.19454614131152
2013-12-31,DOC,0.8725490196078431,17.126499698345675
2014-01-31,LKQ,0.9779411764705882,23.957547103553818
2014-01-31,MTDR,0.9677765843179377,17.529834795325645
2014-01-31,GRPN,0.9634801288936627,209.1999969482422
2014-01-31,SSP,0.9129967776584318,11.250946044921875
2014-01-31,DBI,0.9117647058823529,26.366361618041992
2014-02-28,NXST,0.9839034205231388,31.65992340632146
2014-02-28,HALO,0.9798792756539235,13.531408290004602
2014-02-28,EXTR,0.96875,5.730000019073486
2014-02-28,WLDN,0.9617706237424547,4.610000133514404
2014-02-28,MAT,0.9609375,31.291765279960355
2014-03-31,VIPS,0.9940298507462687,13.47210693359375
2014-03-31,UI,0.9880597014925373,41.55957052555897
2014-03-31,WRLD,0.9875,75.08000183105469
2014-03-31,ILMN,0.9860696517412936,141.7189758680078
2014-03-31,DXCM,0.9800995024875622,10.26825248220629
2014-04-30,FMCC,0.9954802259887006,3.9100000858306885
2014-04-30,TKO,0.992090395480226,15.985460363844307
2014-04-30,LGND,0.9853107344632769,39.4073600769043
2014-04-30,PRLB,0.9851485148514851,60.540000915527344
2014-04-30,AEHR,0.9830508474576272,2.559999942779541
2014-05-30,CORT,1.0,2.28017863912546
2014-05-30,FNMA,0.9817792068595927,4.429999828338623
2014-05-30,RAMP,0.9743589743589743,22.729999542236328
2014-05-30,MIDD,0.958974358974359,77.93294062618656
2014-05-30,ANDE,0.9435897435897436,40.12831115722656
2014-06-30,VHI,1.0,58.70938491821289
2014-06-30,CPRX,0.9920713577799801,2.5299999713897705
2014-06-30,NSSC,0.9724137931034482,2.6120777130126953
2014-06-30,LULU,0.9586206896551724,39.2300093942755
2014-06-30,WYNN,0.9504459861248761,176.81368243069753
2014-07-31,SOXL,0.9883116883116884,1.4799188375473022
2014-07-31,GMED,0.9714285714285714,21.89223749706264
2014-07-31,CVLT,0.96,48.02000045776367
2014-07-31,FRCB,0.9542857142857143,43.798004150390625
2014-07-31,AXON,0.9485714285714286,12.160125337412284
2014-08-29,POST,0.9822485207100592,24.18007217196426
2014-08-29,RGEN,0.9809417040358744,18.723854850177528
2014-08-29,BMA,0.9798206278026906,23.247407913208008
2014-08-29,MANH,0.9704142011834319,27.70090285533997
2014-08-29,YPF,0.9607623318385651,31.974040985107422
2014-09-30,TPL,0.9877300613496932,18.936189444044555
2014-09-30,TRIP,0.9722222222222222,81.29756927490234
2014-09-30,EGHT,0.9666666666666667,6.679999828338623
2014-09-30,TNA,0.9444444444444444,29.991647720336914
2014-09-30,JBLU,0.9355828220858896,10.619999885559082
2014-10-31,TVTX,1.0,9.680000305175781
2014-10-31,GBX,0.9728,45.731536865234375
2014-10-31,FMC,0.9680851063829787,39.00578394838104
2014-10-31,SIMO,0.9648,18.036357879638672
2014-10-31,GTLS,0.9627659574468085,46.54999923706055
2014-11-30,ENPH,0.9865771812080537,10.611058633855386
2014-11-30,TRGP,0.959731543624161,67.39994381541965
2014-11-30,MOV,0.9463087248322147,18.667949676513672
2014-11-30,HUBB,0.9328859060402684,83.61452146432242
2014-11-30,LAD,0.9261744966442953,67.2962986365262
2014-12-31,CENX,0.990086741016109,24.399999618530273
2014-12-31,CALM,0.9851485148514851,27.801612854003906
2014-12-31,GILD,0.9752475247524752,63.82520602369801
2014-12-31,RUSHA,0.9653465346534653,12.762578010559082
2014-12-31,WLK,0.9455445544554455,51.41353979968622
2015-01-31,OSPN,1.0,20.57080841064453
2015-01-31,MARA,0.9968992248062015,118.23999786376953
2015-01-31,RDNT,0.986046511627907,7.889999866485596
2015-01-31,OKE,0.9626168224299065,22.81423058183723
2015-01-31,TREE,0.9550387596899225,41.18000030517578
2015-02-28,RRC,0.9266666666666666,45.33776435378059
2015-02-28,RES,0.92,11.618756294250488
2015-02-28,OGE,0.9066666666666666,20.509697881434843
2015-02-28,BIDU,0.8933333333333333,203.75
2015-02-28,JBSS,0.8855140186915887,22.159509658813477
2015-03-31,SMCI,0.9411764705882353,3.321000099182129
2015-03-31,EXAS,0.9141104294478528,22.020000457763672
2015-03-31,FTI,0.901840490797546,25.247173309326172
2015-03-31,HTGC,0.8834355828220859,4.264926433563232
2015-03-31,PRIM,0.8711656441717791,15.557376861572266
2015-04-30,IONS,0.9930555555555556,56.720001220703125
2015-04-30,ALNY,0.9833333333333333,101.87000274658203
2015-04-30,CLDX,0.9805555555555555,360.0
2015-04-30,CNC,0.9666666666666667,30.9950008392334
2015-04-30,MTSI,0.9652777777777778,30.469999313354492
2015-05-29,QLYS,0.9933155080213903,40.720001220703125
2015-05-29,YINN,0.9772727272727273,928.7411499023438
2015-05-29,CNI,0.9602272727272727,48.503334045410156
2015-05-29,GPC,0.9488636363636364,65.78651428222656
2015-05-29,EVRG,0.9431818181818182,24.70270347595215
2015-06-30,AMBA,1.0,102.69000244140625
2015-06-30,NWE,0.9792746113989638,31.422876358032227
2015-06-30,BURL,0.9689119170984456,51.20000076293945
2015-06-30,D,0.9585492227979274,42.162235260009766
2015-06-30,DTE,0.9481865284974094,44.449127197265625
2015-07-31,COTY,1.0,23.02483558654785
2015-07-31,AVGO,0.9742268041237113,9.507187843322754
2015-07-31,CI,0.9546079779917469,130.90960693359375
2015-07-31,ROG,0.9484536082474226,55.970001220703125
2015-07-31,SM,0.9381443298969072,32.72905731201172
2015-08-31,TQQQ,0.9859154929577465,1.884670376777649
2015-08-31,BIIB,0.9812206572769953,297.29998779296875
2015-08-31,UPRO,0.9765258215962441,9.037345886230469
2015-08-31,SPXL,0.9741784037558685,17.183534622192383
2015-08-31,XPO,0.971830985915493,12.139472961425781
2015-09-30,LNG,0.9958677685950413,46.158809661865234
2015-09-30,GNRC,0.9834710743801653,30.09000015258789
2015-09-30,URI,0.981404958677686,58.02791976928711
2015-09-30,NFLX,0.9811912225705329,10.326000213623047
2015-09-30,OLN,0.9772727272727273,12.312455177307129
2015-10-30,RARE,0.9955456570155902,99.3499984741211
2015-10-30,BLDR,0.9866369710467706,11.819999694824219
2015-10-30,JAZZ,0.9759036144578314,137.27999877929688
2015-10-30,SUPN,0.9755011135857461,16.5
2015-10-30,VTRS,0.9578313253012049,35.734352111816406
2015-11-30,TIE,1.0,11800.0
2015-11-30,M,0.9873015873015873,24.687551498413086
2015-11-30,INGN,0.9841269841269841,38.25
2015-11-30,GIII,0.9682539682539683,45.55232238769531
2015-11-30,DDS,0.9650793650793651,55.823787689208984
2015-12-31,WMB,0.9949622166246851,14.57161808013916
2015-12-31,HCKT,0.9940119760479041,12.959061622619629
2015-12-31,MXL,0.9900199600798403,14.729999542236328
2015-12-31,COKE,0.9860279441117764,16.996002197265625
2015-12-31,FIX,0.9840319361277445,26.595314025878906
2016-01-29,EGRX,0.9981751824817519,71.9000015258789
2016-01-29,PCTY,0.9945255474452555,31.1200008392334
2016-01-29,PAYC,0.9908759124087592,29.471054077148438
2016-01-29,CF,0.9872262773722628,22.44853973388672
2016-01-29,ABG,0.9835766423357665,47.08000183105469
2016-02-29,TYL,1.0,120.31999969482422
2016-02-29,OZK,0.9947552447552448,27.81624984741211
2016-02-29,NTES,0.9912587412587412,22.384714126586914
2016-02-29,CASY,0.9807692307692307,98.21526336669922
2016-02-29,REGN,0.9772727272727273,381.4430847167969
2016-03-31,ALKS,0.9726775956284153,34.189998626708984
2016-03-31,XBI,0.9426229508196722,50.929622650146484
2016-03-31,RH,0.9344262295081968,41.900001525878906
2016-03-31,ZD,0.9262295081967213,50.10930252075195
2016-03-31,MLAB,0.9180327868852459,92.31462860107422
2016-04-29,SWBI,0.9912587412587412,13.849482536315918
2016-04-29,JJSF,0.9778481012658228,84.96662139892578
2016-04-29,WDC,0.9493670886075949,26.822765350341797
2016-04-29,CMG,0.9113924050632911,8.419400215148926
2016-04-29,BBWI,0.8860759493670886,45.72172546386719
2016-05-31,NKE,0.9797979797979798,48.4072380065918
2016-05-31,UAA,0.9730639730639731,37.72999954223633
2016-05-31,YORW,0.9696969696969697,22.055395126342773
2016-05-31,DINO,0.9595959595959596,19.196847915649414
2016-05-31,CHDN,0.9494949494949495,19.982275009155273
2016-06-30,MITK,0.9926144756277696,7.110000133514404
2016-06-30,SVB,0.9852289512555391,2.549999952316284
2016-06-30,DK,0.9623824451410659,9.646148681640625
2016-06-30,PRGO,0.9529780564263323,71.64089965820312
2016-06-30,PAG,0.9498432601880877,24.62261390686035
2016-07-29,FLUT,1.0,110.87773895263672
2016-07-29,CVI,0.9831932773109243,6.704181671142578
2016-07-29,WAB,0.9621848739495799,64.6999740600586
2016-07-29,TXMD,0.9537815126050421,388.5
2016-07-29,HRL,0.9495798319327731,29.236331939697266
2016-08-31,ITGR,0.9651741293532339,24.200000762939453
2016-08-31,FSLR,0.9601990049751243,37.81999969482422
2016-08-31,UHAL,0.9353233830845771,33.370418548583984
2016-08-31,G,0.9154228855721394,21.295551300048828
2016-08-31,NSP,0.9124866595517609,25.426410675048828
2016-09-30,SHEN,0.9788359788359788,16.03125762939453
2016-09-30,SAM,0.9735449735449735,155.25999450683594
2016-09-30,PII,0.9576719576719577,58.90553665161133
2016-09-30,PLAY,0.9523809523809523,38.382205963134766
2016-09-30,AMN,0.9417989417989417,31.8700008392334
2016-10-31,WB,0.9962168978562421,32.86759567260742
2016-10-31,ACAD,0.9954545454545455,23.309999465942383
2016-10-31,FN,0.978562421185372,37.959999084472656
2016-10-31,BANC,0.9681818181818181,10.654529571533203
2016-10-31,O,0.95,36.855133056640625
2016-11-30,TFX,0.9787234042553191,139.98110961914062
2016-11-30,EFX,0.973404255319149,105.0027847290039
2016-11-30,NVO,0.9574468085106383,13.470602989196777
2016-11-30,ELS,0.9521276595744681,27.61662483215332
2016-11-30,INGR,0.9468085106382979,91.84701538085938
2016-12-30,ACHC,0.9775280898876404,33.099998474121094
2016-12-30,AYI,0.9550561797752809,223.93809509277344
2016-12-30,UHS,0.949438202247191,102.21207427978516
2016-12-30,CPAY,0.9325842696629213,141.52000427246094
2016-12-30,GLOB,0.9213483146067416,33.349998474121094
2017-01-31,ACB,0.9973684210526316,202.50723266601562
2017-01-31,WGO,0.9026315789473685,26.795766830444336
2017-01-31,TEVA,0.8962962962962963,32.336151123046875
2017-01-31,BMY,0.8740740740740741,35.79273986816406
2017-01-31,IFF,0.8444444444444444,93.13829803466797
2017-02-28,CASH,0.9672131147540983,27.20746612548828
2017-02-28,SPSC,0.9180327868852459,27.665000915527344
2017-02-28,CRUS,0.9115351257588898,54.08000183105469
2017-02-28,GIS,0.9098360655737705,43.46814727783203
2017-02-28,MTW,0.8725065047701648,24.31999969482422
2017-03-31,BBSI,0.9751332149200711,12.04678726196289
2017-03-31,TDG,0.9671052631578947,150.40451049804688
2017-03-31,OFG,0.9618117229129662,9.652558326721191
2017-03-31,PATK,0.9539473684210527,27.84987449645996
2017-03-31,SITC,0.9407894736842105,3.1711740493774414
2017-04-28,WLDN,0.9866548042704626,28.3700008392334
2017-04-28,TCBI,0.9626334519572953,76.0999984741211
2017-04-28,FIBK,0.9555555555555556,24.782249450683594
2017-04-28,INCY,0.951067615658363,124.27999877929688
2017-04-28,DXCM,0.9259259259259259,19.489999771118164
2017-05-31,MYRG,0.995049504950495,29.360000610351562
2017-05-31,EXEL,0.9937952430196484,18.709999084472656
2017-05-31,AEHR,0.9875904860392968,4.579999923706055
2017-05-31,PRI,0.9801980198019802,64.48246002197266
2017-05-31,MASI,0.9627714581178903,87.04000091552734
2017-06-30,MOMO,0.9914529914529915,22.402851104736328
2017-06-30,BAH,0.9891891891891892,27.904857635498047
2017-06-30,STM,0.9886039886039886,13.255144119262695
2017-06-30,KR,0.9837837837837838,19.368093490600586
2017-06-30,WIX,0.9819563152896487,69.5999984741211
2017-07-31,ORLY,1.0,13.619999885559082
2017-07-31,INSE,0.9878787878787879,11.149999618530273
2017-07-31,SYBT,0.9818181818181818,29.200515747070312
2017-07-31,EXTR,0.9815533980582525,8.789999961853027
2017-07-31,SOXL,0.9786407766990292,5.922144412994385
2017-08-31,AAOI,1.0,59.119998931884766
2017-08-31,PETS,0.9954545454545455,27.512588500976562
2017-08-31,LITE,0.990909090909091,56.849998474121094
2017-08-31,IMKTA,0.9818181818181818,19.581518173217773
2017-08-31,VIPS,0.9772727272727273,8.40089225769043
2017-09-29,UPLD,0.9935004642525533,21.15999984741211
2017-09-29,CPRX,0.9628597957288765,2.5199999809265137
2017-09-29,W,0.9563602599814299,67.4000015258789
2017-09-29,AMD,0.9545032497678737,12.75
2017-09-29,NWL,0.9240506329113924,28.84747314453125
2017-10-31,EVO,0.9990909090909091,10.510000228881836
2017-10-31,CYRX,0.9981818181818182,7.849999904632568
2017-10-31,UCTT,0.9972727272727273,25.520000457763672
2017-10-31,SHOP,0.9918181818181818,9.949000358581543
2017-10-31,CELH,0.9890909090909091,1.7466670274734497
2017-11-30,XYZ,0.9938271604938271,39.220001220703125
2017-11-30,BBBY,0.9911154985192497,47.099998474121094
2017-11-30,TAL,0.9876543209876543,27.8799991607666
2017-11-30,ALRM,0.9814814814814815,40.9900016784668
2017-11-30,APPF,0.9691358024691358,43.150001525878906
2017-12-29,ALGN,0.9905660377358491,222.19000244140625
2017-12-29,DRS,0.9858490566037735,3.043808937072754
2017-12-29,PEN,0.9781420765027322,94.0999984741211
2017-12-29,ACLS,0.969811320754717,28.700000762939453
2017-12-29,CGNX,0.9679245283018868,56.98116683959961
2018-01-31,OLED,0.9887218045112782,150.33953857421875
2018-01-31,INSM,0.9689849624060151,25.440000534057617
2018-01-31,AMC,0.9640287769784173,104.30464172363281
2018-01-31,RGNX,0.9605263157894737,26.799999237060547
2018-01-31,ALK,0.9568345323741008,62.689208984375
2018-02-28,CORT,0.9893617021276596,15.1899995803833
2018-02-28,GDEN,0.9855072463768116,22.183570861816406
2018-02-28,PENN,0.9654403567447045,26.610000610351562
2018-02-28,UI,0.9574468085106383,59.1759147644043
2018-02-28,EXPE,0.9468085106382979,101.4759292602539
2018-03-29,TREE,0.9915254237288136,328.1499938964844
2018-03-29,TTWO,0.9868421052631579,97.77999877929688
2018-03-29,CENX,0.9638157894736842,16.540000915527344
2018-03-29,FAS,0.9539473684210527,54.30348205566406
2018-03-29,ANET,0.9527845036319612,15.956250190734863
2018-04-30,MTSI,0.9873417721518988,16.6200008392334
2018-04-30,TCEHY,0.9746835443037974,43.80364227294922
2018-04-30,ALNY,0.9683544303797469,94.52999877929688
2018-04-30,Z,0.9620253164556962,48.4900016784668
2018-04-30,THO,0.9588607594936709,90.12644958496094
2018-05-31,SIEB,0.9925373134328358,8.199999809265137
2018-05-31,BMA,0.9813432835820896,55.037742614746094
2018-05-31,VYGR,0.9665841584158416,19.8700008392334
2018-05-31,OC,0.9664179104477612,55.209144592285156
2018-05-31,ESLT,0.9552238805970149,108.90434265136719
2018-06-29,YINN,0.9893238434163701,452.7453308105469
2018-06-29,SEDG,0.972636815920398,47.849998474121094
2018-06-29,MTCH,0.9651741293532339,35.813270568847656
2018-06-29,PBF,0.9577114427860697,35.371063232421875
2018-06-29,RES,0.9395017793594306,12.913629531860352
2018-07-31,TCMD,0.990909090909091,48.06999969482422
2018-07-31,TTGT,0.9845814977973568,28.420000076293945
2018-07-31,PPC,0.9636363636363636,15.096031188964844
2018-07-31,NVR,0.9545454545454546,2759.429931640625
2018-07-31,RPD,0.9306167400881057,27.809999465942383
2018-08-31,XRAY,0.9624413145539906,35.0073127746582
2018-08-31,SKY,0.9602577873254565,28.90999984741211
2018-08-31,LEA,0.9436619718309859,138.86497497558594
2018-08-31,ZG,0.9342723004694836,48.099998474121094
2018-08-31,META,0.9248826291079812,174.3616943359375
2018-09-28,NTNX,0.9953271028037384,42.720001220703125
2018-09-28,JD,0.9672897196261683,22.859243392944336
2018-09-28,NTRA,0.9456018518518519,23.940000534057617
2018-09-28,KFY,0.9392523364485982,43.8515739440918
2018-09-28,VPG,0.9097222222222222,37.400001525878906
2018-10-31,GDS,0.9981949458483754,23.469999313354492
2018-10-31,BLKB,0.9891696750902527,71.06646728515625
2018-10-31,TKO,0.987152034261242,66.17266845703125
2018-10-31,BLD,0.9855595667870036,45.619998931884766
2018-10-31,MED,0.9850107066381156,173.06198120117188
2018-11-30,INGN,1.0,147.36000061035156
2018-11-30,NVDA,0.9958847736625515,4.051538944244385
2018-11-30,PCG,0.9938271604938271,26.07763671875
2018-11-30,TDOC,0.9876543209876543,62.45000076293945
2018-11-30,STAA,0.9875518672199171,38.0099983215332
2018-12-31,TQQQ,0.9973718791064389,4.4190802574157715
2018-12-31,TNA,0.9921156373193167,40.28417205810547
2018-12-31,TTD,0.9918032786885246,11.605999946594238
2018-12-31,URTY,0.9908015768725361,47.86152648925781
2018-12-31,UPRO,0.985545335085414,16.641958236694336
2019-01-31,MTN,0.9915433403805497,150.49314880371094
2019-01-31,LGND,0.9894291754756871,73.67436218261719
2019-01-31,CAG,0.985200845665962,16.14754295349121
2019-01-31,RYAAY,0.9809725158562368,27.196247100830078
2019-01-31,BR,0.9767441860465116,89.04864501953125
2019-02-28,XPO,1.0,17.413745880126953
2019-02-28,CVCO,0.9909365558912386,138.42999267578125
2019-02-28,CENTA,0.9879154078549849,22.280000686645508
2019-02-28,MEDP,0.9788519637462235,54.95000076293945
2019-02-28,CENT,0.9758308157099698,24.494909286499023
2019-03-29,GOOS,0.9938461538461538,48.02000045776367
2019-03-29,TREX,0.9846153846153847,30.760000228881836
2019-03-29,UVE,0.9723076923076923,22.946701049804688
2019-03-29,SUPN,0.9661538461538461,35.040000915527344
2019-03-29,HUM,0.9384615384615385,250.9207763671875
2019-04-30,MOH,0.9752066115702479,129.6300048828125
2019-04-30,EA,0.9669421487603306,91.94062805175781
2019-04-30,NVCR,0.9462809917355371,44.06999969482422
2019-04-30,ELV,0.9338842975206612,238.88877868652344
2019-04-30,ICUI,0.9214876033057852,227.5
2019-05-31,CVNA,0.9962121212121212,57.880001068115234
2019-05-31,COKE,0.993421052631579,28.67123794555664
2019-05-31,SSTI,0.9772727272727273,46.0
2019-05-31,FOXF,0.9734848484848485,67.0199966430664
2019-05-31,RAMP,0.9720394736842105,51.380001068115234
2019-06-28,ROL,0.9846153846153847,22.012285232543945
2019-06-28,DELL,0.9807692307692307,23.50054931640625
2019-06-28,GDDY,0.9384615384615385,70.1500015258789
2019-06-28,ETSY,0.926923076923077,61.369998931884766
2019-06-28,VICR,0.9230769230769231,31.049999237060547
2019-07-31,IIPR,1.0,64.48894500732422
2019-07-31,BFC,0.986046511627907,50.91963195800781
2019-07-31,CZR,0.9767441860465116,45.119998931884766
2019-07-31,OMCL,0.958139534883721,75.20999908447266
2019-07-31,OLLI,0.9534883720930233,84.69000244140625
2019-08-30,GDOT,0.9936708860759493,30.579999923706055
2019-08-30,WK,0.9683544303797469,48.11000061035156
2019-08-30,KWR,0.9430379746835443,147.83761596679688
2019-08-30,HDB,0.930379746835443,25.03407859802246
2019-08-30,QNST,0.9145569620253164,11.449999809265137
2019-09-30,KRYS,1.0,34.724998474121094
2019-09-30,ARWR,0.9930747922437673,28.18000030517578
2019-09-30,ROKU,0.9914163090128756,101.76000213623047
2019-09-30,NSSC,0.9889196675900277,12.276286125183105
2019-09-30,MKTX,0.9833795013850416,306.70623779296875
2019-10-31,SE,0.9937578027465668,29.760000228881836
2019-10-31,OKTA,0.9800249687890137,109.06999969482422
2019-10-31,TEAM,0.9794871794871794,120.79000091552734
2019-10-31,MDB,0.9743589743589743,127.7699966430664
2019-10-31,RGLD,0.9662921348314607,107.38346862792969
2019-11-29,NSP,0.987012987012987,63.679866790771484
2019-11-29,PRG,0.974025974025974,47.58617401123047
2019-11-29,FNKO,0.948051948051948,14.270000457763672
2019-11-29,WING,0.9415584415584416,72.37960815429688
2019-11-29,BAND,0.9285714285714286,55.93000030517578
2019-12-31,ACAD,0.9843893480257117,42.779998779296875
2019-12-31,HEI,0.9552238805970149,113.29911041259766
2019-12-31,GFF,0.9393939393939394,16.420881271362305
2019-12-31,WRLD,0.9029850746268657,86.4000015258789
2019-12-31,VST,0.8880597014925373,20.034549713134766
2020-01-31,LSCC,0.9897959183673469,18.600000381469727
2020-01-31,ACB,0.9784172661870504,226.8000030517578
2020-01-31,LAD,0.9459183673469388,130.07461547851562
2020-01-31,LII,0.9280575539568345,216.64866638183594
2020-01-31,WB,0.8920863309352518,30.445926666259766
2020-02-28,CDLX,1.0,79.38999938964844
2020-02-28,APLS,0.9665809768637532,34.619998931884766
2020-02-28,PAYC,0.965034965034965,276.2850341796875
2020-02-28,CRUS,0.9280205655526992,68.63999938964844
2020-02-28,SITE,0.9254498714652957,99.25
2020-03-31,GPMT,0.9989909182643795,2.7367677688598633
2020-03-31,SPXL,0.9959636730575177,25.047794342041016
2020-03-31,TDG,0.9889001009081736,266.1230773925781
2020-03-31,RH,0.9858728557013118,100.47000122070312
2020-03-31,DRI,0.9828456104944501,46.02714920043945
2020-04-30,PALL,0.9973924380704041,184.67999267578125
2020-04-30,CHDN,0.9947848761408083,49.12523651123047
2020-04-30,AFG,0.9921773142112125,37.6751594543457
2020-04-30,RSG,0.9908735332464146,72.36857604980469
2020-04-30,HXL,0.9895697522816167,33.33346939086914
2020-05-29,UHT,0.9983660130718954,65.72997283935547
2020-05-29,BBT,0.9918300653594772,9.019083023071289
2020-05-29,SUI,0.9901960784313726,114.41692352294922
2020-05-29,EDU,0.988562091503268,118.77598571777344
2020-05-29,PFGC,0.9820261437908496,26.649999618530273
2020-06-30,ENPH,0.9982394366197183,47.56999969482422
2020-06-30,OKE,0.9876760563380281,22.969602584838867
2020-06-30,RGA,0.9859154929577465,69.22647094726562
2020-06-30,CACI,0.9823943661971831,216.8800048828125
2020-06-30,SEM,0.9806338028169014,7.278683185577393
2020-07-31,RPAY,0.9978448275862069,22.1299991607666
2020-07-31,PLNT,0.9849137931034483,52.20000076293945
2020-07-31,AIN,0.9806034482758621,44.753684997558594
2020-07-31,NMIH,0.9741379310344828,15.520000457763672
2020-07-31,KIDS,0.9719827586206896,42.189998626708984
2020-08-31,LEU,1.0,11.0600004196167
2020-08-31,CHGG,0.993103448275862,73.73999786376953
2020-08-31,HII,0.9816091954022989,134.0369110107422
2020-08-31,TWO,0.9793103448275862,10.203076362609863
2020-08-31,ITUB,0.9770114942528736,2.204439401626587
2020-09-30,DOCU,1.0,215.24000549316406
2020-09-30,GSHD,0.9958847736625515,80.84870147705078
2020-09-30,PDD,0.9897119341563786,74.1500015258789
2020-09-30,REKR,0.9782330345710627,5.760000228881836
2020-09-30,SOXL,0.9753086419753086,16.36732292175293
2020-10-30,SHOP,0.9979166666666667,92.54299926757812
2020-10-30,TSLA,0.9958333333333333,129.34666442871094
2020-10-30,CELH,0.9920255183413078,6.703332901000977
2020-10-30,CLVT,0.9916666666666667,27.75
2020-10-30,W,0.9856459330143541,248.02999877929688
2020-11-30,BIO,0.9807073954983923,538.5
2020-11-30,CYRX,0.9715909090909091,48.650001525878906
2020-11-30,CACC,0.9646302250803859,298.4800109863281
2020-11-30,BABA,0.954983922829582,250.1116485595703
2020-11-30,CVI,0.9517684887459807,9.04620361328125
2020-12-31,MRNA,1.0,104.47000122070312
2020-12-31,KNSL,0.9955357142857143,198.19003295898438
2020-12-31,TWST,0.9911602209944751,141.2899932861328
2020-12-31,PEN,0.9866071428571429,175.0
2020-12-31,EPR,0.9553571428571429,23.24521255493164
2021-01-29,CALX,0.9754098360655737,30.200000762939453
2021-01-29,STRA,0.9683098591549296,75.41365814208984
2021-01-29,RITM,0.9612676056338029,5.77588415145874
2021-01-29,SAM,0.9590163934426229,916.8900146484375
2021-01-29,UAL,0.954225352112676,39.9900016784668
2021-02-26,NIO,0.9977046671767407,45.779998779296875
2021-02-26,PLUG,0.9969395562356542,48.380001068115234
2021-02-26,QLYS,0.9894736842105263,97.16000366210938
2021-02-26,HPK,0.9789473684210527,11.698472023010254
2021-02-26,SMMT,0.9747513389441469,6.769999980926514
2021-03-31,ZM,1.0,321.2900085449219
2021-03-31,PENN,0.9908899789768746,104.83999633789062
2021-03-31,MTLS,0.987012987012987,35.95000076293945
2021-03-31,OPRX,0.9859845830413455,48.75
2021-03-31,BCRX,0.9824807288016818,10.170000076293945
2021-04-30,QXO,0.9817197020988491,40.557796478271484
2021-04-30,PINS,0.979011509817197,66.37000274658203
2021-04-30,CENX,0.9681787406905891,15.65999984741211
2021-04-30,FRHC,0.963439404197698,50.279998779296875
2021-04-30,UCTT,0.9614082599864591,51.06999969482422
2021-05-31,BXC,0.9937062937062937,50.400001525878906
2021-05-31,TAL,0.9910714285714286,39.970001220703125
2021-05-31,UMC,0.986013986013986,7.074451446533203
2021-05-31,UPWK,0.9846153846153847,47.06999969482422
2021-05-31,SONO,0.9762237762237762,37.0
2021-06-30,KTB,0.9837914023960536,47.666969299316406
2021-06-30,VIPS,0.9788135593220338,18.11921501159668
2021-06-30,UEC,0.9767441860465116,2.6600000858306885
2021-06-30,VCEL,0.9718111346018323,52.5
2021-06-30,FCX,0.9661733615221987,34.72282028198242
2021-07-30,MSTR,0.9920760697305864,62.60100173950195
2021-07-30,RNG,0.9832214765100671,266.7929382324219
2021-07-30,PERI,0.9786053882725833,19.020000457763672
2021-07-30,TCEHY,0.9731543624161074,55.12716293334961
2021-07-30,SBLK,0.9683042789223455,10.870977401733398
2021-08-31,WIX,0.9766666666666667,222.0800018310547
2021-08-31,HOV,0.9765690376569037,108.70999908447266
2021-08-31,FRPT,0.97,128.13999938964844
2021-08-31,QTWO,0.9666666666666667,88.08999633789062
2021-08-31,TPL,0.9640167364016736,142.49478149414062
2021-09-30,VRT,0.9742120343839542,23.980361938476562
2021-09-30,KWEB,0.9713467048710601,39.50773239135742
2021-09-30,ZG,0.9684813753581661,88.58000183105469
2021-09-30,CLF,0.9681528662420382,19.809999465942383
2021-09-30,NTES,0.9627507163323782,77.32173156738281
2021-10-29,FIVN,0.9768211920529801,158.00999450683594
2021-10-29,TCMD,0.9701986754966887,34.4900016784668
2021-10-29,PAGS,0.956953642384106,34.3060417175293
2021-10-29,PYPL,0.9536423841059603,231.3530731201172
2021-10-29,LPX,0.9227144203581527,55.49536895751953
2021-11-30,CAR,1.0,260.88995361328125
2021-11-30,INMD,0.9903846153846154,76.0
2021-11-30,SPT,0.9871794871794872,111.68000030517578
2021-11-30,TIPT,0.9738406658739596,12.2009916305542
2021-11-30,DT,0.9647435897435898,62.849998474121094
2021-12-31,DDS,0.9979101358411703,198.79727172851562
2021-12-31,NET,0.9941690962099126,131.5
2021-12-31,PHR,0.9795918367346939,41.65999984741211
2021-12-31,CROX,0.9708454810495627,128.22000122070312
2021-12-31,BILL,0.9650145772594753,249.14999389648438
2022-01-31,GDYN,0.9899713467048711,26.649999618530273
2022-01-31,SYNA,0.9842406876790831,210.35000610351562
2022-01-31,EPAM,0.9803571428571428,476.1400146484375
2022-01-31,TQQQ,0.9767857142857143,29.527812957763672
2022-01-31,HUBS,0.975,488.79998779296875
2022-02-28,META,0.989778534923339,209.3868408203125
2022-02-28,TRNS,0.9784172661870504,78.45999908447266
2022-02-28,NVDA,0.9766187050359713,24.336536407470703
2022-02-28,EVO,0.9710391822827938,14.670000076293945
2022-02-28,ANET,0.9694244604316546,30.6825008392334
2022-03-31,NTRA,1.0,40.68000030517578
2022-03-31,TTD,0.9845094664371773,69.25
2022-03-31,TREX,0.9776247848537005,65.33000183105469
2022-03-31,HLI,0.9741824440619621,81.6487045288086
2022-03-31,PACK,0.9500860585197934,20.43000030517578
2022-04-29,DDOG,0.9837278106508875,120.77999877929688
2022-04-29,MATX,0.9748520710059172,81.43268585205078
2022-04-29,GLOB,0.9718934911242604,215.99000549316406
2022-04-29,PSTG,0.970873786407767,29.299999237060547
2022-04-29,GNRC,0.9689349112426036,219.3800048828125
2022-05-31,CVNA,0.9972489683631361,29.440000534057617
2022-05-31,ZS,0.9889958734525447,153.08999633789062
2022-05-31,RPD,0.9821182943603851,70.87000274658203
2022-05-31,MOS,0.9786666666666667,56.5255126953125
2022-05-31,INSP,0.9614855570839065,176.8300018310547
2022-06-30,BCC,0.9909808342728298,50.374027252197266
2022-06-30,ARES,0.9887260428410372,50.67762756347656
2022-06-30,UPRO,0.9819616685456595,33.6732177734375
2022-06-30,XYZ,0.9808342728297632,61.459999084472656
2022-06-30,FAS,0.971815107102593,55.36227798461914
2022-07-29,NOW,0.9823269513991163,89.33200073242188
2022-07-29,GDS,0.9779086892488954,27.68000030517578
2022-07-29,MTCH,0.9705449189985272,71.2065200805664
2022-07-29,PANW,0.9661266568483063,83.18333435058594
2022-07-29,IAC,0.9631811487481591,56.193599700927734
2022-08-31,VHI,0.9898697539797395,32.615177154541016
2022-08-31,YETI,0.9884225759768451,36.88999938964844
2022-08-31,TWLO,0.9869753979739508,69.58000183105469
2022-08-31,FTNT,0.9855282199710564,48.689998626708984
2022-08-31,IIPR,0.9739507959479016,62.662960052490234
2022-09-30,CPRX,0.9886363636363636,12.829999923706055
2022-09-30,SMCI,0.9840510366826156,5.506999969482422
2022-09-30,OXY,0.9829545454545454,58.0760383605957
2022-09-30,PBR,0.9772727272727273,6.6130452156066895
2022-09-30,ROKU,0.9553429027113237,56.400001525878906
2022-10-31,SE,0.995334370139969,49.68000030517578
2022-10-31,TEAM,0.9891135303265941,202.72999572753906
2022-10-31,STE,0.9813374805598756,167.1260528564453
2022-10-31,MDB,0.9766718506998445,183.02999877929688
2022-10-31,MPWR,0.9751166407465007,331.0367431640625
2022-11-30,GTLS,0.9938524590163934,142.99000549316406
2022-11-30,FNKO,0.9897540983606558,9.5
2022-11-30,AR,0.9775784753363229,36.54999923706055
2022-11-30,OKTA,0.9774590163934426,53.31999969482422
2022-11-30,LITE,0.9754098360655737,54.939998626708984
2022-12-30,LPLA,0.9706959706959707,213.0297088623047
2022-12-30,PCTY,0.967032967032967,194.25999450683594
2022-12-30,FRO,0.9628099173553719,8.836063385009766
2022-12-30,DINO,0.9607438016528925,45.309444427490234
2022-12-30,SANM,0.9462809917355371,57.290000915527344
2023-01-31,EXE,0.9947089947089947,77.71075439453125
2023-01-31,HRMY,0.9735449735449735,48.16999816894531
2023-01-31,DGII,0.959915611814346,33.9900016784668
2023-01-31,EW,0.955026455026455,76.69999694824219
2023-01-31,MOH,0.9523809523809523,311.8299865722656
2023-02-28,MEDP,0.9871134020618557,193.8800048828125
2023-02-28,MUSA,0.979381443298969,251.39889526367188
2023-02-28,NVCR,0.9639175257731959,76.97000122070312
2023-02-28,RGEN,0.961340206185567,174.3699951171875
2023-02-28,WMS,0.9510309278350515,87.48316192626953
2023-03-31,AEHR,0.9967105263157895,31.020000457763672
2023-03-31,GFF,0.9868421052631579,29.07181167602539
2023-03-31,TITN,0.9763157894736842,30.450000762939453
2023-03-31,HELE,0.9657894736842105,95.16999816894531
2023-03-31,MPT,0.9526315789473684,6.316925048828125
2023-04-28,SAFE,0.9909365558912386,24.618215560913086
2023-04-28,NSSC,0.9879154078549849,29.824832916259766
2023-04-28,AMR,0.972809667673716,145.48793029785156
2023-04-28,PARR,0.9660537482319661,23.43000030517578
2023-04-28,LSCC,0.9646393210749646,79.69999694824219
2023-05-31,EDU,1.0,37.298194885253906
2023-05-31,WFRD,0.994579945799458,55.033843994140625
2023-05-31,AXON,0.986449864498645,192.91000366210938
2023-05-31,AAON,0.978319783197832,56.9857177734375
2023-05-31,RLI,0.9701897018970189,56.4731559753418
2023-06-30,ENPH,0.9959016393442623,167.47999572753906
2023-06-30,FSLR,0.9856985698569857,190.08999633789062
2023-06-30,PI,0.9836065573770492,89.6500015258789
2023-06-30,AGYS,0.9631147540983607,68.63999938964844
2023-06-30,UI,0.9590163934426229,170.53195190429688
2023-07-31,MASI,1.0,122.30000305175781
2023-07-31,WING,0.9885714285714285,166.79849243164062
2023-07-31,INTA,0.985854189336235,41.060001373291016
2023-07-31,IRDM,0.9828571428571429,49.58462905883789
2023-07-31,DG,0.9771428571428571,159.8549041748047
2023-08-31,SYM,1.0,41.790000915527344
2023-08-31,OPRA,0.9976905311778291,13.121599197387695
2023-08-31,PODD,0.9758064516129032,191.7100067138672
2023-08-31,GRBK,0.9688221709006929,49.459999084472656
2023-08-31,DKS,0.967741935483871,109.6045913696289
2023-09-29,ELF,0.9943977591036415,109.83000183105469
2023-09-29,ACLS,0.9873949579831933,163.0500030517578
2023-09-29,UFPT,0.9629629629629629,161.4499969482422
2023-09-29,BLDR,0.9537815126050421,124.48999786376953
2023-09-29,PLNT,0.9537037037037037,49.18000030517578
2023-10-31,SOXL,0.9954954954954955,14.648653030395508
2023-10-31,SHOP,0.9819819819819819,47.189998626708984
2023-10-31,PTGX,0.9797297297297297,14.539999961853027
2023-10-31,KIDS,0.9707207207207207,24.459999084472656
2023-10-31,VIST,0.9636363636363636,27.219999313354492
2023-11-30,STRL,0.9900332225913622,63.5099983215332
2023-11-30,TDW,0.984993178717599,60.08000183105469
2023-11-30,KRYS,0.9833887043189369,104.2300033569336
2023-11-30,FOXF,0.9800664451827242,62.5099983215332
2023-11-30,SEDG,0.973421926910299,79.37999725341797
2023-12-29,CHKR,0.9888888888888889,0.4123063385486603
2023-12-29,ACGL,0.9833333333333333,70.62322998046875
2023-12-29,TSLA,0.9660087719298246,248.47999572753906
2023-12-29,HSY,0.9555555555555556,174.23947143554688
2023-12-29,REKR,0.9484649122807017,3.3299999237060547
2024-01-31,LI,0.9753694581280788,27.68000030517578
2024-01-31,HUM,0.9704433497536946,368.6802978515625
2024-01-31,CELH,0.9655172413793104,49.900001525878906
2024-01-31,FMC,0.9556650246305419,51.309112548828125
2024-01-31,PAG,0.9113300492610837,138.9363555908203
2024-02-29,CCJ,0.9483526268922529,40.3725700378418
2024-02-29,FLNC,0.9397590361445783,15.289999961853027
2024-02-29,RMBS,0.9216867469879518,59.2400016784668
2024-02-29,RILY,0.9156626506024096,17.642366409301758
2024-02-29,CHTR,0.8975903614457831,293.92999267578125
2024-03-28,POWL,0.994768962510898,46.99555969238281
2024-03-28,FN,0.9433304272013949,189.02000427246094
2024-03-28,ACAD,0.9084507042253521,18.489999771118164
2024-03-28,PLAB,0.9032258064516129,28.31999969482422
2024-03-28,MRVL,0.8945074106364429,70.43190002441406
2024-04-30,QXO,0.996078431372549,95.37276458740234
2024-04-30,CRDO,0.9774774774774775,17.8700008392334
2024-04-30,XPO,0.9754901960784313,107.45999908447266
2024-04-30,STI,0.972972972972973,105.0
2024-04-30,GL,0.9504504504504504,74.99620056152344
2024-05-31,DELL,0.9849624060150376,135.51649475097656
2024-05-31,TAL,0.9671052631578947,11.359999656677246
2024-05-31,APLS,0.9653465346534653,39.25
2024-05-31,HCI,0.9520676691729323,93.88654327392578
2024-05-31,SAIA,0.9504950495049505,409.4800109863281
2024-06-28,VST,0.9970355731225297,85.05470275878906
2024-06-28,ESAB,0.9770114942528736,93.98760986328125
2024-06-28,HIMS,0.9693675889328063,20.190000534057617
2024-06-28,PDD,0.9634387351778656,132.9499969482422
2024-06-28,AVAV,0.9575098814229249,182.16000366210938
2024-07-31,MSTR,0.9980657640232108,161.44400024414062
2024-07-31,CENX,0.9787234042553191,15.109999656677246
2024-07-31,MU,0.9622823984526112,109.19628143310547
2024-07-31,ONTO,0.9545454545454546,191.3000030517578
2024-07-31,NVMI,0.9526112185686654,206.47000122070312
2024-08-30,ATKR,0.9814814814814815,90.70497131347656
2024-08-30,WSM,0.9706405693950177,131.37490844726562
2024-08-30,BLD,0.9351851851851852,393.0199890136719
2024-08-30,RS,0.9166666666666666,279.72216796875
2024-08-30,PERI,0.9120370370370371,8.550000190734863
2024-09-30,SMMT,0.9991728701406121,21.899999618530273
2024-09-30,NVO,0.985981308411215,111.77658081054688
2024-09-30,BLBD,0.9842845326716294,47.959999084472656
2024-09-30,MMYT,0.9751861042183623,92.94999694824219
2024-09-30,MRNA,0.9532710280373832,66.83000183105469
2024-10-31,HOOD,0.976491862567812,23.489999771118164
2024-10-31,HOV,0.9665461121157324,176.0399932861328
2024-10-31,KLAC,0.9487179487179487,657.9012451171875
2024-10-31,ASML,0.9444444444444444,663.8566284179688
2024-10-31,GOLD,0.905982905982906,37.46931457519531
2024-11-29,EVH,0.9950980392156863,12.920000076293945
2024-11-29,LEU,0.9705117085862967,91.0
2024-11-29,THC,0.9635732870771899,142.67999267578125
2024-11-29,CACI,0.9607843137254902,459.8800048828125
2024-11-29,MLI,0.9509803921568627,79.41405487060547
2024-12-31,APP,1.0,323.8299865722656
2024-12-31,FTAI,0.9874869655891554,142.38992309570312
2024-12-31,SFM,0.9791449426485923,127.06999969482422
2024-12-31,TPL,0.9781021897810219,365.9822692871094
2024-12-31,VRT,0.9645464025026069,113.42133331298828
