asof,ticker,score,pullback_1y,pullback_all,range_pos_1y,trend_health_5y,mom_12_1,mom_6_1,mom_3,vol_1y,ret_5d,ret_21d,accel,d_sma200,d_sma50,sma50_above_200,rsi_14,recovery_rate,frac_above_50dma_1y,sharpe_1y,dd_from_52wh,price,mom_3y,mom_2y,pullback_3y,below_52wh,new_52wh,sharpe_12m,mean_ret_12m,vol_12m,beta_2y,best_month_24m,worst_month_24m,tail_ratio_24m,trend_r2_12m,max_below_200_streak,excess_5y_logret,mom_5y,pullback_5y,ret__hold_forever,ret__fixed_1y,ret__fixed_3y,ret__fixed_5y,days__hold_forever
2018-01-31,BA,1.7963746180590932,0.0,0.0,1.0,0.7724665391969407,0.8608048982723417,0.26167562136832334,0.38101803585606353,0.1928038936052464,0.03281750401277672,0.19380824739220737,-0.16099074337943065,0.46697645410791533,0.17365002457414414,1.0,74.70588791415933,1.0,0.996031746031746,4.256843816627207,-0.0,337.71209716796875,,2.204225257804384,0.0,0.0,1.0,4.256843816627207,0.8207360623151431,0.1928038936052464,1.1081302168491167,0.22609338230615617,-0.0565356324675208,3.9991306798600816,0.958290807960605,52.0,,,,-0.4222297727755362,0.11474975488313466,-0.40499613686783564,-0.38012289730394044,2044
2018-02-28,BA,1.455827819555007,-0.0066642966728852615,-0.0066642966728852615,0.9874194258022034,0.7804428044280443,0.871378471981308,0.4118070175098043,0.3582520493318977,0.21629888432683778,0.017672271046506483,0.07784174262274712,-0.06016947157624064,0.4118146244647207,0.10135939364528213,1.0,63.892000548293005,1.0,0.996031746031746,3.367579860631514,0.0066642966728852615,346.887451171875,,2.1947724803378135,-0.0066642966728852615,0.006709007489173802,0.0,3.367579860631514,0.7284037667361244,0.21629888432683778,1.1244395334580193,0.22609338230615617,-0.0565356324675208,3.9991306798600816,0.9640960210464533,52.0,,,,-0.4375120966237839,0.2404599426681615,-0.3567366053864902,-0.39444336527897716,2025
2018-03-29,VKTX,1.5884675100439485,-0.3694083703019756,-0.5494845390218467,0.5733333301544189,0.395910780669145,3.4964029239723455,2.4722223142047013,0.03800471400530747,0.8461698636928936,-0.05206078980573903,-0.3008000183105469,0.2487392285048079,0.4425917367158547,-0.2317159186381884,1.0,31.967533232841404,0.0,0.6111111111111112,1.7636468485821577,0.3694083703019756,4.369999885559082,,2.0774648011475656,-0.5494845390218467,0.5858123592266464,0.0,1.7636468485821577,1.4923448134671657,0.8461698636928936,0.37876672871324985,0.8365384968074834,-0.30191697671237094,2.7707567355658624,0.782424649454543,230.0,,,,6.398169949132276,1.258581268657482,0.4473684153096813,2.8100686623702584,2004
2018-04-30,IBKR,1.382917759119356,-0.0026880778901363644,-0.0026880778901363644,0.9950432619124269,0.5924657534246576,0.8509183219443812,0.21284204375635496,0.1683311340749707,0.23745556206125443,0.01965121195016173,0.14523855253739582,-0.1255873405872341,0.32277592155280055,0.0542183777425258,1.0,58.71414624557937,1.0,0.9325396825396826,3.2996621834343944,0.0026880778901363644,17.650943756103516,1.2513674988120274,0.9903559709208005,-0.0026880778901363644,0.0026953231286452883,0.0,3.2996621834343944,0.7835231383796801,0.23745556206125443,1.371901165926769,0.19937789532711614,-0.11896482233739936,1.6759399241706519,0.9731178668966977,80.0,,,,2.709150180599509,-0.25023373226665835,-0.014709896438127701,0.03309337685097469,1983
2018-05-31,ENPH,2.1533394124066776,-0.08025682158414493,-0.5904217217427795,0.9085923222331251,0.32838283828382836,4.935897800343995,0.6132405223211304,0.6705539089072832,0.8325862808882236,-0.012068994717137738,0.2375809670504503,-0.24964996176758802,1.0453693631496965,0.20282127121478166,1.0,59.57113923069062,0.0,0.7420634920634921,2.8168809354440647,0.08025682158414493,5.730000019073486,-0.41351077271238235,1.7416269159756994,-0.4206269140382687,0.08726003461355103,0.0,2.8168809354440647,2.345296421746314,0.8325862808882236,1.2157352605092397,0.8954249343764535,-0.3613445765385711,2.47803618073917,0.9300359152877646,261.0,,,,6.6980803601260614,1.7417102942151832,23.287957714779978,30.738219896159347,1961
2018-06-29,VKTX,2.7584990559270164,-0.25510204539938963,-0.25510204539938963,0.7248094779886175,0.4601328903654485,8.027777419046133,1.4014778663580456,1.2488152234451126,1.3448251352726606,-0.0848601855498935,-0.026666690141726734,-0.05819349540816676,0.9707808946750285,0.31750657107161295,1.0,50.16558349388563,0.5,0.6666666666666666,2.1416017981436695,0.25510204539938963,9.489999771118164,0.3694083703019755,6.531745907100389,-0.25510204539938963,0.3424657616843194,0.0,2.1416017981436695,2.8800799278887332,1.3448251352726606,0.38526501166879334,1.4247572933518482,-0.30191697671237094,4.71903669964601,0.8498079986096274,230.0,,,,2.4067442161007966,-0.15700735585398273,-0.33298207835886817,0.6512118497604158,1940
2018-07-31,VKTX,2.9784794679296946,-0.19937205710248584,-0.19937205710248584,0.7849280260273149,0.478330658105939,8.766990969953934,0.8945387058423868,1.3999999551212086,1.3530438636069706,-0.06163754216631112,0.013916439742432063,-0.07555398190874318,0.7805241761725075,0.049598668173693294,1.0,49.55835795968355,0.5,0.746031746031746,2.2267874996492902,0.19937205710248584,10.199999809265137,0.6748767740064405,5.938775245404887,-0.19937205710248584,0.24901960875977935,0.0,2.2267874996492902,3.0129411619571815,1.3530438636069706,0.4123316343190565,1.4247572933518482,-0.30191697671237094,4.71903669964601,0.845386591023239,230.0,,,,2.169608081922495,-0.25784310654739506,-0.40588234744132445,0.32352943651403976,1919
2018-08-31,VKTX,2.8892138678597856,0.0,0.0,1.0,0.4969040247678019,8.318181616215671,0.6914191578851123,0.39190619988830133,1.3510727692137976,0.13751087512443827,0.27512192144626524,-0.13761104632182697,0.9536621433593733,0.23595716181658566,1.0,73.26016253159504,1.0,0.7857142857142857,2.364736323146816,-0.0,13.069999694824219,1.1567656465734881,9.053846287868437,0.0,0.0,1.0,2.364736323146816,3.1949308525744224,1.3510727692137976,0.39744861314966357,1.4247572933518482,-0.30191697671237094,4.71903669964601,0.8291150290574034,230.0,,,,1.473603870385515,-0.4713083390393267,-0.46136188781695986,0.1193573417017344,1896
2018-09-28,TKO,2.27889067759017,0.0,0.0,1.0,0.8507246376811595,2.696148897840997,1.4348766502020496,0.2953332778188782,0.3586816230676899,0.04606897185904857,0.12281246806256796,-0.07674349620351939,0.7680774652460591,0.15018423560391092,1.0,77.98890265105611,1.0,0.9841269841269841,4.166818836954479,-0.0,88.17857360839844,5.0822118105976015,3.79766064199097,0.0,0.0,1.0,4.166818836954479,1.4945613434678566,0.3586816230676899,0.8673380067033679,0.4548882224703119,-0.16995312938078777,2.676551023965637,0.9484844267091374,28.0,,,,1.1363467016308202,-0.2596867104318473,-0.4031287858822251,-0.05755786900244009,1877
2018-10-31,VKTX,2.006071665390499,-0.30788800786312986,-0.30788800786312986,0.6542857484622887,0.5276162790697675,5.467212853653403,2.7393366155249375,0.3268293055092417,1.5700612963740226,0.022556404994930057,-0.13814951764203842,0.16070592263696848,0.5200796304680582,-0.036622476252424985,1.0,46.84054808608599,0.75,0.753968253968254,1.6681378808647878,0.30788800786312986,13.600000381469727,1.4954130013636666,11.830189731716105,-0.30788800786312986,0.44485287260019435,0.0,1.6681378808647878,2.6190787237611834,1.5700612963740226,0.8432740220078553,1.4247572933518482,-0.30191697671237094,4.71903669964601,0.820512982228277,230.0,,,,1.377205950310484,-0.5058823822278868,-0.5316176686113675,-0.22426471361651945,1854
2018-11-30,VKTX,1.5776089246235225,-0.4254452834082312,-0.4254452834082312,0.505617986399538,0.5416078984485191,4.066225260717034,0.6293929319837268,-0.13353797442645055,1.5533519055820981,-0.013111855247572302,-0.2620915149602514,0.2489796597126791,0.1707367676460423,-0.19006556815066622,1.0,42.74581604071442,0.75,0.6785714285714286,1.4114186530571682,0.4254452834082312,11.289999961853027,2.689542540186387,10.068627620559162,-0.4254452834082312,0.7404782714724756,0.0,1.4114186530571682,2.1924298543004705,1.5533519055820981,0.9345377931386935,1.4247572933518482,-0.30191697671237094,4.71903669964601,0.7592144300570953,230.0,,,,1.8635962746051566,-0.37378209073961965,-0.5403011448399841,0.5376439919404805,1833
2018-12-31,TWLO,1.6335855365771301,-0.07623870132186539,-0.07623870132186539,0.8991378768256821,0.6307339449541285,2.918644146698707,0.6267371299760329,0.06626869315531714,0.7013125825919848,0.1813732951194078,-0.034385815200528524,0.21575911031993633,0.3433308898875753,0.08053302187071343,1.0,53.71913651488151,0.75,0.8095238095238095,2.237703365959426,0.07623870132186539,89.30000305175781,,2.0509054204019184,-0.07623870132186539,0.08253073757361351,0.0,2.237703365959426,1.5693295266557823,0.7013125825919848,2.17884179665631,0.3933322596740698,-0.26444780553330793,1.487371993429261,0.8980187497016803,74.0,,,,0.38980958979831226,0.10055985913387144,1.971444535670622,-0.22911540889879567,1814
2019-01-31,TWLO,1.2884449460274778,0.0,0.0,1.0,0.6477024070021882,2.314405563235913,0.4666104947662417,0.5939290597360649,0.7209612262001736,0.06853522143149493,0.27998158137687357,-0.21144635994537864,0.5309504437845056,0.21018152053891792,1.0,66.62154486866922,1.0,0.8492063492063492,2.355868159686713,-0.0,111.31999969482422,,2.861255636122603,0.0,0.0,1.0,2.355868159686713,1.6984895971736786,0.7209612262001736,2.269198187309012,0.3933322596740698,-0.26444780553330793,1.487371993429261,0.8853428703860171,74.0,,,,0.1148940078206091,0.11696008514875844,0.8515989551046592,-0.3638160268687374,1793
2019-02-28,TWLO,1.1679521327447437,0.0,0.0,1.0,0.6617647058823529,2.0392271709184273,0.2941909513213823,0.4064956907410875,0.706464609885001,0.04410123770967078,0.17212485840021552,-0.12802362069054474,0.5336598232732406,0.19945041840928845,1.0,65.9113147696126,1.0,0.873015873015873,2.1416430632129746,-0.0,121.69000244140625,,2.836380992296344,0.0,0.0,1.0,2.1416430632129746,1.5129950311656726,0.706464609885001,2.242598798522868,0.3933322596740698,-0.26444780553330793,1.487371993429261,0.9046277321668108,74.0,,,,0.019886581645115253,-0.07436932262463702,0.43643684398744287,-0.5036568303549709,1774
2019-03-29,TTD,1.4259925707893837,-0.073137624619113,-0.073137624619113,0.9059659127036379,0.7908045977011494,2.9322852781665465,0.259488742647606,0.7295762869479021,0.823488250937854,0.004618331358450467,0.014503944170753513,-0.009885612812303046,0.4917280575448084,0.14785697360709738,1.0,55.41696617405083,1.0,0.6984126984126984,2.052485974447067,0.073137624619113,19.795000076293945,,4.211953546419776,-0.073137624619113,0.078908828928413,0.0,2.052485974447067,1.690198085171892,0.823488250937854,1.9124514182922063,0.6826375066122135,-0.25455096652837517,2.6817321337340863,0.7683958698367965,58.0,,,,0.21798436561893064,-0.0022228151270908825,2.704470904189239,3.3995956555811118,1753
2019-04-30,TTD,1.4948802448419918,-0.019522775290543692,-0.019522775290543692,0.975021242277561,0.8004385964912281,3.0283370050508207,0.8686429710028027,0.5814352399987279,0.825904377960706,0.06588389396907335,0.07446755846523434,-0.008583664496160992,0.5315163506579419,0.11612815878365002,1.0,65.20423743489033,1.0,0.75,2.1486026548509294,0.019522775290543692,22.148000717163086,,4.929853102872673,-0.019522775290543692,0.019911503091087912,0.0,2.1486026548509294,1.7745403391393784,0.825904377960706,1.9249530468213354,0.6826375066122135,-0.25455096652837517,2.6817321337340863,0.768431102359688,58.0,,,,0.08858586913752764,0.3282914788246676,1.7451687406685417,2.8563301831538612,1732
2019-05-31,COKE,1.3884226498037988,-0.24471065839264305,-0.24471065839264305,0.6427035248559669,0.5670945157526255,1.5918415468423763,0.5380433663004411,0.23441244885420098,0.35326970327204504,-0.017342303296351558,-0.08063907386654812,0.06329677057019656,0.34250009032713313,-0.028683428942367972,1.0,42.028108619910135,0.6666666666666666,0.7658730158730159,2.648147520499306,0.24471065839264305,28.67123794555664,1.4854576945175864,0.33963171144348836,-0.24471065839264305,0.3239959111191295,0.0,2.648147520499306,0.9355102887873916,0.35326970327204504,0.5223151951651533,0.2310726769650422,-0.24336388213225102,0.9494945385505914,0.9179174424776964,164.0,,,,6.026205053676873,-0.1905412897537292,0.8892429782731304,2.38659602264132,1710
2019-06-28,BALL,1.4563892115657244,0.0,0.0,1.0,0.7229190421892816,0.7567358173752432,0.3761677179507692,0.20141145942128436,0.20659134108090088,0.04182786076951639,0.14008802292771394,-0.09826016215819755,0.3148810465338876,0.10922611308109609,1.0,77.660701331725,,0.9007936507936508,3.482673810902468,-0.0,64.78951263427734,1.0359700165151073,0.6775082276926341,0.0,0.0,1.0,3.482673810902468,0.7194902531416727,0.20659134108090088,0.7187799745957684,0.14008802292771394,-0.07587046198658898,1.8464105695372752,0.954466536008213,63.0,,,,-0.11930188925201113,-0.01468024777407595,0.0007350368713665567,-0.10092190486418484,1690
2019-07-31,BALL,1.3393001475213473,-0.017861848486327547,-0.017861848486327547,0.9619293328129515,0.7296996662958843,0.8522849503082455,0.3746320133375647,0.19426831275040146,0.21075743637492378,0.0026654883765238058,-0.0011176398909910068,0.0037831282675148126,0.27250591630039067,0.05853796689978563,1.0,57.72121563461405,,0.9285714285714286,3.0393233727717273,0.017861848486327547,66.16880798339844,1.077254201600919,0.7385704872656389,-0.017861848486327547,0.01818669650374427,0.0,3.0393233727717273,0.6405600023597561,0.21075743637492378,0.7234968950602934,0.14008802292771394,-0.07587046198658898,1.8464105695372752,0.9530943689897932,63.0,,,,-0.137660128506362,0.03616239038529079,0.048831771875495145,-0.045208407174642584,1668
2019-08-30,ENPH,2.336648654729648,-0.1481481907405484,-0.1481481907405484,0.8332255505209134,0.5276872964169381,5.182590361653141,2.3471266066261074,0.8578584583714599,0.7014053131744459,-0.14298090723023993,0.018887335893188917,-0.16186824312342885,1.2423168386536054,0.18756954942448778,1.0,49.80309361201821,0.5,0.8095238095238095,2.971745242742784,0.1481481907405484,29.670000076293945,15.124999748947833,30.23157941958251,-0.1481481907405484,0.17391310217365108,0.0,2.971745242742784,2.084397902660672,0.7014053131744459,1.0160838904576865,0.8954249343764535,-0.17815125659818432,5.0262061097669495,0.9385760926247115,261.0,,,,0.48668690586202734,1.6029660653300657,8.654196215195467,2.8122682952308247,1646
2019-09-30,ENPH,2.2727318968149737,-0.36175715263913955,-0.36175715263913955,0.5893089447201066,0.5377258235919234,5.117525909217872,2.1732619107797424,0.19773707876599889,0.7119856195371966,-0.11151082591853467,-0.2507583591144682,0.13924753319593353,0.4662137332300864,-0.18493805574484212,1.0,37.099292970430604,0.3333333333333333,0.8293650793650794,2.4885819317418982,0.36175715263913955,22.229999542236328,17.680670985982992,13.721854094460179,-0.36175715263913955,0.566801734065659,0.0,2.4885819317418982,1.771834548440329,0.7119856195371966,1.0382156399922022,0.8954249343764535,-0.2507583591144682,3.5708677371257753,0.9483243910176694,261.0,,,-0.36175715263913955,0.9842555788876151,2.634728057382109,11.498425643689421,3.8699956979549066,1626
2019-10-31,ENPH,1.7669322346161054,-0.442147594495621,-0.442147594495621,0.4915813609923426,0.5487551867219918,3.9383260494881354,0.6305454600941052,-0.2921675859693076,0.75165079417465,-0.20855393446023585,-0.1333630580260201,-0.07519087643421574,0.12536563074704787,-0.2334398430059813,1.0,34.649560372511175,0.3333333333333333,0.8055555555555556,2.3131269097713734,0.442147594495621,19.43000030517578,18.43000030517578,11.699346842161443,-0.442147594495621,0.7925888463201227,0.0,2.3131269097713734,1.7386636787564067,0.75165079417465,1.0069366907253292,0.8954249343764535,-0.2507583591144682,3.5708677371257753,0.9227134341767103,261.0,,,-0.442147594495621,1.2702007162913684,4.04837852790776,14.413278758752895,3.5012865522794145,1603
2019-11-29,LSCC,1.4644236496514118,-0.10727790520477232,-0.10727790520477232,0.8521172331031354,0.7103658536585366,2.3717728649780176,0.45542348418037815,0.01887801816816359,0.5611719323937898,0.019427883953743175,-0.03573255525712593,0.055160439210869106,0.17894864453016912,-0.013577055370838753,1.0,45.91743505103244,1.0,0.8134920634920635,2.378509677789786,0.10727790520477232,18.889999389648438,1.6832385642053787,2.1430946206740717,-0.10727790520477232,0.12016942991578983,0.0,2.378509677789786,1.3347528721026245,0.5611719323937898,1.3144824526242567,0.5128205002804169,-0.2487499713897705,2.061590187991901,0.8647924532380756,72.0,,,-0.10727790520477232,3.6913713927987235,1.2154579050465477,2.855479310971546,2.0852303156364225,1583
2019-12-31,ENPH,1.712227561316844,-0.2497847319241625,-0.2497847319241625,0.7106750180665297,0.5671641791044776,3.485772226135561,0.16341594589765696,0.1931506673934913,0.7411110763350266,-0.032938611469984114,0.18396010521443373,-0.21689871668441785,0.29178012020540023,0.1632151113879503,1.0,59.81873575188583,0.3333333333333333,0.7619047619047619,2.6301483696191346,0.2497847319241625,26.1299991607666,25.93814267016511,9.842322917079901,-0.2497847319241625,0.3329507443441053,0.0,2.6301483696191346,1.9492320891292523,0.7411110763350266,1.010652108835008,0.5441579991985579,-0.2507583591144682,2.170049290162073,0.7776530177058342,261.0,,,-0.2497847319241625,0.6880980492560209,5.618063460768509,9.140068884996655,1.7611941769294024,1562
2020-01-31,ENPH,1.6365238744760577,-0.09503305194603218,-0.09503305194603218,0.8810635589108197,0.5760233918128655,3.191428593226841,0.007554921257354019,0.6222336573699048,0.7495624801806251,0.05242068964375313,0.07430130517512956,-0.021880615531376435,0.40115356516005485,0.17409540520485933,1.0,56.56042644947116,0.3333333333333333,0.7738095238095238,2.3861118170641364,0.09503305194603218,31.520000457763672,20.15436258793285,13.327272624811853,-0.09503305194603218,0.10501273239911169,0.0,2.3861118170641364,1.7885398915868922,0.7495624801806251,1.080660716792593,0.5441579991985579,-0.2507583591144682,2.170049290162073,0.7477721621815571,261.0,,,-0.09503305194603218,0.3994289330502485,4.911801828416324,6.206218150092118,1.0707485943893693,1541
2020-02-28,ENPH,1.1760123416704058,-0.17126415477664458,-0.17126415477664458,0.8007874233486618,0.583732057416268,2.680219810392786,0.07512045228226971,1.1254339963025255,0.8693658383649083,-0.11382550292946803,0.4622274937713595,-0.5760529967008275,0.9091804419321914,0.3820060108578769,1.0,60.6954376075914,0.6666666666666666,0.7738095238095238,2.354150214674918,0.17126415477664458,48.970001220703125,26.357543164419315,13.750000664268645,-0.17126415477664458,0.2066571100595831,0.0,2.354150214674918,2.046617775017789,0.8693658383649083,1.3501960415599426,0.5536167674338137,-0.2507583591144682,2.2077699399089394,0.7411447488957489,261.0,,,-0.17126415477664458,-0.09924444535845534,2.807432965090808,3.3485805930144226,0.19767204541304673,1522
2020-03-31,ENPH,1.8652252656675063,-0.45354542507793205,-0.45354542507793205,0.4619554504860858,0.5885660731021556,4.601069175962186,1.4122524707677506,0.23574442987391286,0.9976849860344933,-0.1227927272244912,-0.3834255953007474,0.2606328680762562,0.1508345522745389,-0.18118420953772196,1.0,43.92948707237424,0.5,0.7182539682539683,1.7279221568205103,0.45354542507793205,32.290000915527344,22.91851877427068,6.159645072464443,-0.45354542507793205,0.8299782743014166,0.0,1.7279221568205103,1.7239219928961624,0.9976849860344933,1.4461771601328457,0.5536167674338137,-0.3406167018456996,1.6253365276392224,0.6673875285304351,261.0,0.5733585805099635,1.448066864501674,-0.45354542507793205,0.3660575831430317,4.02198820267395,5.512232666991942,0.7736140859080669,1500
2020-04-30,DXCM,0.8059627123763198,-0.029727585542545842,-0.029727585542545842,0.9555430980533237,0.6029411764705882,1.1168895218441723,0.6361242363624946,0.3923157308703271,0.5663348451699164,0.008302279344711172,0.31549003343148563,-0.30718775408677446,0.5912081592714558,0.22210348776305144,1.0,62.543694002523466,1.0,0.7301587301587301,2.0934915612932157,0.029727585542545842,83.80000305175781,3.2110555104596985,3.5673799563256408,-0.029727585542545842,0.030638390929797366,0.0,2.0934915612932157,1.1856172192295198,0.5663348451699164,0.9345539045963551,0.5177126989523275,-0.14519488330635055,3.565640104961493,0.876721579340349,122.0,1.1698642932951862,3.9607816149317987,-0.029727585542545842,-0.20107405119196087,0.15184961826626298,0.40954652082323895,-0.027088355486799998,1479
2020-05-29,TSLA,1.622543763239222,-0.08983884315149504,-0.08983884315149504,0.8883879058285813,0.5135379061371841,3.2227262199096973,1.3601073455719952,0.1228853200850557,0.7635091157101946,0.022181963549626982,0.06793886833783369,-0.04575690478820671,0.7234105998561695,0.21626363891605505,1.0,61.920248793248476,0.6666666666666666,0.7380952380952381,2.3670770565786414,0.08983884315149504,55.66666793823242,1.491793534378465,1.8623338168068524,-0.08983884315149504,0.09870652298826754,0.0,2.3670770565786414,1.807284910286249,0.7635091157101946,1.201994734604434,0.5551598573434691,-0.22426582233190806,2.475454581402269,0.8599674720422984,157.0,0.7373061667143543,2.3293463052818844,-0.08983884315149504,5.610059575747654,2.7438321657504656,2.663412958398397,4.964969704337441,1459
2020-06-30,TSLA,1.5399914869017421,0.0,0.0,1.0,0.5230088495575221,2.92589625794641,1.1073316202166192,1.2423166895024886,0.77627799330656,0.12380713038952318,0.22488543381189263,-0.10107830342236945,0.9088652202229628,0.25017630514990397,1.0,68.25519689628752,1.0,0.8174603174603174,2.4240371054958834,-0.0,71.98733520507812,1.9932364860181426,2.1485932517897974,0.0,0.0,1.0,2.4240371054958834,1.8817266599549864,0.77627799330656,1.188101809373669,0.5551598573434691,-0.22426582233190806,2.475454581402269,0.8826096089540845,157.0,0.8890136117413588,3.025236640161376,0.0,4.111454541369404,2.147312857240361,2.8870727264325753,3.136977660170225,1437
2020-07-31,TSLA,1.8851430238926752,-0.1291783037571239,-0.1291783037571239,0.8517463306646074,0.5321180555555556,4.1577192249282335,0.5495640681340144,0.8796359461973264,0.7998837225993622,-0.07069365498099711,0.18375727836906974,-0.25445093335006685,1.044814002772152,0.22821677319129496,1.0,53.86937177257982,1.0,0.8174603174603174,2.6748816701051856,0.1291783037571239,95.38400268554688,3.4771413154832667,3.755883717922382,-0.1291783037571239,0.14834070431921753,0.0,2.6748816701051856,2.139594307796535,0.7998837225993622,1.218698869039992,0.5551598573434691,-0.22426582233190806,2.475454581402269,0.9094088157758753,157.0,1.1434455569190147,4.375765550704711,-0.1291783037571239,2.8576698512866403,1.4800455472857035,1.7186949595638263,2.378658684267022,1415
2020-08-31,DOCU,2.2530560580047574,-0.020555133636382394,-0.020555133636382394,0.9742049668483177,0.9260204081632653,3.854752109336866,1.5268564050021562,0.5123771082767627,0.5325022219907236,0.087327534165061,-0.014495310221810831,0.10182284438687184,0.8568880501314369,0.11690655348779377,1.0,63.799017461431966,1.0,0.9444444444444444,3.2183849648757925,0.020555133636382394,223.0,,2.4307692307692306,-0.020555133636382394,0.020986514241171594,0.0,3.2183849648757925,1.7137971450178966,0.5325022219907236,0.7789091486502966,0.3340334653285353,-0.20220660319238715,1.6519414304720947,0.8924932266370883,24.0,,,-0.020555133636382394,-0.7882062800796578,0.32843044948150224,-0.7682959723365681,-0.6334977427940198,1394
2020-09-30,TSLA,3.451269092415253,-0.13908741409927106,-0.13908741409927106,0.8466707370305002,0.5485762144053601,8.76946461583359,4.226417728861374,0.7747339565316522,0.8837435566484052,0.10629456611786336,-0.09691619258585726,0.20321075870372063,1.0672785676297423,0.15103571489028678,1.0,55.14568219414519,0.75,0.9007936507936508,2.9249845564805557,0.13908741409927106,143.00332641601562,5.288624795750555,5.90392635117266,-0.13908741409927106,0.16155811446727908,0.0,2.9249845564805557,2.5849362550857844,0.8837435566484052,1.2921794597512541,0.7414521252787116,-0.22426582233190806,3.3061307227696077,0.91555941355863,157.0,1.4993825142665969,7.635466849507999,-0.13908741409927106,1.573086939143176,0.8076037365451021,0.7239459036226084,2.0285309243644756,1373
2020-10-30,TSLA,2.343493204515436,-0.2213036287910849,-0.2213036287910849,0.7468656072799947,0.5567434210526315,5.624269722759008,1.701669956067744,0.30477471839221826,0.8717843751250285,-0.0767108110666227,-0.06516656394029896,-0.011544247126323737,0.5859423231747702,-0.0812967708797977,1.0,39.368787924595075,0.75,0.8928571428571429,2.543840776995093,0.2213036287910849,129.34666442871094,4.852260819189954,4.751808049896401,-0.2213036287910849,0.2841975858286254,0.0,2.543840776995093,2.217680642190234,0.8717843751250285,1.3039348860589994,0.7414521252787116,-0.22426582233190806,3.3061307227696077,0.9108774972306737,157.0,1.6885549410260274,8.37611765409384,-0.2213036287910849,1.844758255500885,2.1146017105620323,0.6893361376726272,2.447402417616045,1351
2020-11-30,TSLA,2.0732429617975,-0.031002439645386293,-0.031002439645386293,0.9650558428724534,0.563915857605178,4.793889985565449,1.197381556057465,0.1948215324005702,0.8845834890225726,0.08766887190309958,0.4627358021475634,-0.3750669302444638,1.0442368107542834,0.288287151801053,1.0,72.56256168566615,1.0,0.8611111111111112,2.8783682131739843,0.031002439645386293,189.1999969482422,8.228067831753169,7.318433349915084,-0.031002439645386293,0.0319943423119049,0.0,2.8783682131739843,2.546156996701111,0.8845834890225726,1.2924754865457484,0.7414521252787116,-0.22426582233190806,3.3061307227696077,0.9026860138728605,157.0,1.8624260775995929,11.325197136417525,-0.031002439645386293,0.9448202821892104,1.016842896811792,0.2623150406095902,1.4048626180711326,1331
2020-12-31,CELH,2.6328898166279298,0.0,0.0,1.0,0.6613672496025437,6.6365596290268325,2.136926116225527,1.1845418059028998,0.983077617295669,0.13952434053261298,0.4167839959973074,-0.27725965546469444,1.8277549126846382,0.559226479127324,1.0,77.35210566057061,1.0,0.8253968253968254,2.9383981358765094,-0.0,16.770000457763672,9.00198650513171,13.797064000472911,0.0,0.0,1.0,2.9383981358765094,2.888673438083514,0.983077617295669,1.1613024410269264,0.8466138084987926,-0.2876482597440885,2.943225901147457,0.8961036642438817,215.0,2.552483353623948,24.932976885453698,0.0,1.4752532610883828,0.4822102496386047,2.372092885714903,2.0578412271632827,1309
2021-01-29,CHRD,4.207265007313184,-0.17648333527129734,-0.17648333527129734,0.8231668850074038,0.3412698412698413,15.542227213840356,57.156272470931796,311.2500968243714,257.86121822708486,-0.02675295465460148,0.006717019948942138,-0.03346997460354362,2.966654596815265,0.03602762009272098,1.0,45.46632022485554,0.5,0.3333333333333333,1.00554082809836,0.17648333527129734,23.180500030517578,3.4554116356618927,5.224254307604179,-0.17648333527129734,0.21430450995115868,0.0,1.00554082809836,259.2899829105148,257.86121822708486,-12.189063347582628,309.9090774920839,-0.7865854156466447,393.9929107855508,0.17943472224560875,523.0,1.2025865847967945,6.003740882360123,-0.17648333527129734,4.690559025407015,2.800034196591564,4.821076126253553,3.2037172254551,1290
2021-02-26,GME,15.421681842175094,-0.7072314609516221,-0.7072314609516221,0.28702386091148935,0.20396825396825397,52.77778089782346,35.87619163876488,5.897626973814884,2.6827006121720474,1.2117390839949898,-0.47448349867628437,1.6862225826712742,3.7581965886453856,0.649074762543209,1.0,55.009009579659,0.3333333333333333,0.6746031746031746,2.3313168210520487,0.7072314609516221,25.434999465942383,6.47890797774992,7.9907600454450805,-0.7072314609516221,2.415667555162946,0.0,2.3313168210520487,6.2542250630033225,2.6827006121720474,0.6562424492109314,16.250530645848084,-0.686953852726863,23.655927659975426,0.7351368045807678,217.0,0.6982152394926527,3.3165312416295025,-0.7072314609516221,-0.11264005627184759,0.1655199952906823,-0.43896203037584924,-0.06113624288681174,1271
2021-03-31,CHRD,52.699207984822515,-0.06955969510855964,-0.06955969510855964,0.9303427140883909,0.3746031746031746,202.7931448972452,210.07143205542812,0.6058767898295658,257.849473652888,-0.03587650054849323,0.011349132494326897,-0.047225633042820125,1.8544832087846026,0.13380812482170512,1.0,54.09539782963543,0.5,0.5,1.009416696964585,0.06955969510855964,36.976654052734375,6.692501757321578,8.912230503754172,-0.06955969510855964,0.07475997626379205,0.0,1.009416696964585,260.27756400875495,257.849473652888,-12.037237951914125,309.9090774920839,-0.7865854156466447,393.9929107855508,0.5389061992989699,523.0,1.353976837502615,7.210267442050059,-0.06955969510855964,2.5673861532735085,1.6982511878420437,3.4309611431014373,2.5673861532735085,1248
2021-04-30,CHRD,26.51756936637828,-0.0066546704346408525,-0.0066546704346408525,0.9933377049564543,0.38492063492063494,102.0564610093894,514.2822947039804,1.0030159285296878,257.8498853360573,0.058791588557750796,0.2633466805706899,-0.2045550920129391,1.7632096709820755,0.22090381066697384,1.0,74.59699761395959,0.5,0.5793650793650794,1.005476074658499,0.0066546704346408525,48.3267936706543,6.186533297179182,13.49306472109483,-0.0066546704346408525,0.006699251747177115,0.0,1.005476074658499,259.26189055884294,257.8498853360573,-12.10821077493972,309.9090774920839,-0.7865854156466447,393.9929107855508,0.5997751075347535,523.0,1.28808769558008,7.061673309384233,-0.0066546704346408525,1.729541805754221,0.8476766810231835,2.254572118940885,1.729541805754221,1227
2021-05-28,CHRD,40.33877856162913,0.0,0.0,1.0,0.3888888888888889,155.23524551308978,1.2888252330184264,0.5451518038909553,257.8485816583078,0.026766783522562898,0.147426952936079,-0.1206601694135161,1.4739266260119548,0.23065509236991044,1.0,69.78778389804528,0.5,0.6071428571428571,1.006390162108251,-0.0,55.45146560668945,5.873795181150186,16.23735626229266,0.0,0.0,1.0,1.006390162108251,259.496275894487,257.8485816583078,-12.465064910191117,309.9090774920839,-0.7865854156466447,393.9929107855508,0.642168538531847,523.0,1.4093519570371613,7.9903980911219605,0.0,1.3788371004966957,0.9723864493701926,2.049464480878828,1.3788371004966957,1207
2021-06-30,CHRD,31.177619401100152,-0.023502080334624753,-0.023502080334624753,0.9764775950580518,0.3888888888888889,119.86160523690761,1.5003607885211019,0.6449279517437188,257.848385289081,-0.023502080334624753,0.09293478984672343,-0.11643687018134818,1.1694811263945124,0.16904183267170025,1.0,60.77715252416463,0.5,0.6071428571428571,1.0024417536240753,0.023502080334624753,62.92341995239258,6.84211786189455,18.63557315952366,-0.023502080334624753,0.02406772186742434,0.0,1.0024417536240753,258.4779875183226,257.848385289081,-12.292261621608828,309.9090774920839,-0.7865854156466447,393.9929107855508,0.691727749279268,523.0,1.5015945336136571,9.201833052337053,-0.023502080334624753,1.0963578229204893,0.331121551583186,1.51646484082416,1.0963578229204893,1185
2021-07-30,CHRD,43.67574533974484,-0.10543981632213362,-0.10543981632213362,0.8944722060554963,0.4,167.6775367421493,1.768040865475832,0.23352389242744587,257.84785155633944,-0.021237860247520057,-0.10543981632213362,0.08420195607461356,0.6856219465016877,-0.0015817386351837381,1.0,49.011289032637585,0.5,0.6746031746031746,1.00292600325746,0.10543981632213362,59.7428092956543,6.902700402667004,21.776180274850812,-0.10543981632213362,0.11786777261718906,0.0,1.00292600325746,258.6023152099224,257.84785155633944,-12.364983134756535,309.9090774920839,-0.7865854156466447,393.9929107855508,0.6810164931177347,523.0,1.7464134901129524,11.706710310467667,-0.10543981632213362,1.2079645268992154,0.6713434631110133,1.3794702059909896,1.2079645268992154,1164
2021-08-31,CHRD,45.48073768649314,-0.15184959626831795,-0.15184959626831795,0.8480237023876971,0.403968253968254,174.83179369455408,0.5829937810636514,-0.009145081120671805,257.84731070902905,-0.01836529728784908,-0.017490448155100924,-0.0008748491327481567,0.35937498483362074,-0.04759749827763471,1.0,48.461238614308954,0.3333333333333333,0.6746031746031746,1.0033750308990999,0.15184959626831795,56.64335250854492,5.832903114623931,29.019962601947665,-0.15184959626831795,0.17903616575575731,0.0,1.0033750308990999,258.71755334992184,257.84731070902905,-12.976234080349505,309.9090774920839,-0.7865854156466447,393.9929107855508,0.6187610315824991,523.0,1.4207927147407045,8.41016228627161,-0.15184959626831795,1.3287817161282978,0.9806290308622665,1.271685597036511,1.3287817161282978,1142
2021-09-30,CHRD,112.33212983474613,-0.02617921386732247,-0.02617921386732247,0.973798942534387,0.403968253968254,433.19142783636823,0.48038203456431683,-0.010886323143517007,257.8431097706175,0.036705250923338095,0.15296340747310078,-0.11625815654976268,0.40258910203380194,0.0983156076773013,1.0,63.085222343781375,0.3333333333333333,0.746031746031746,1.0068607140374013,0.02617921386732247,65.03619384765625,6.3670256011715445,32.0589487065085,-0.02617921386732247,0.02688298939611644,0.0,1.0068607140374013,259.61209761326796,257.8431097706175,-12.748450151150431,309.9090774920839,-0.7865854156466447,393.9929107855508,0.5094590954930327,523.0,1.4565739166410094,8.394768248331799,-0.02617921386732247,1.0282552815298724,0.6667787759032164,0.9211910388314799,1.0282552815298724,1121
2021-10-29,CHRD,248.0799702449018,0.0,0.0,1.0,0.403968253968254,957.3955909565033,0.3659143730872192,0.3684104378937698,257.839841921712,0.054103555587089014,0.2096286441336428,-0.15552508854655378,0.5399364134611429,0.21995387563748547,1.0,76.13790244667075,0.6666666666666666,0.8293650793650794,1.0095226762015543,-0.0,78.89119720458984,11.999318082550904,47.859507915236804,0.0,0.0,1.0,1.0095226762015543,260.2951672481924,257.839841921712,-12.81129216555063,309.9090774920839,-0.7865854156466447,393.9929107855508,0.36641831938936653,523.0,1.546283936302007,10.108303026343732,0.0,0.6720497132275098,0.5380147260843291,0.45562741267841256,0.6720497132275098,1100
2021-11-30,GME,3.6443402354011663,-0.4353831509883722,-0.4353831509883722,0.5480749163382899,0.34444444444444444,11.663923665977144,-0.2249980555652088,-0.07869650378349469,2.7109625753396323,-0.08270213972599805,-0.019391222425089838,-0.06331091730090821,0.062325936119878245,0.01751259492428625,1.0,46.063205254341554,0.3333333333333333,0.6746031746031746,2.023827903572832,0.4353831509883722,49.0525016784668,13.262702117986727,30.80064899313942,-0.4353831509883722,0.7711125726242822,0.0,2.023827903572832,5.486521705514013,2.7109625753396323,0.6695114818031008,16.250530645848084,-0.686953852726863,23.655927659975426,0.47967134277287216,217.0,1.4729409471795099,8.851828980751543,-0.4353831509883722,-0.5398807619891064,-0.46567456933642193,-0.4405993660848636,-0.5398807619891064,1079
2021-12-31,CAR,2.3708125904813033,-0.4194081466283387,-0.4194081466283387,0.5343921740795087,0.6206349206349207,6.565463143178888,2.4538192316385232,0.7146518454738198,1.266927252154312,-0.07100619984016199,-0.22657763147026255,0.15557143163010057,0.6158881540467864,-0.1500755889567691,1.0,38.98513467768503,0.5,0.8214285714285714,1.8529398845124618,0.4194081466283387,197.02374267578125,8.521120134556543,5.347413813074075,-0.4194081466283387,0.7223803506589299,0.0,1.8529398845124618,2.3475400362925014,1.266927252154312,1.9429489499028292,0.5843863980072947,-0.5707227062059481,1.0239410341533108,0.8349501394336947,173.0,0.8900135156577418,4.653489754097688,-0.4194081466283387,-0.4929545029998107,-0.2055263771759741,-0.5699502902228196,-0.4929545029998107,1057
2022-01-31,CHRD,1.6560325722508575,-0.0249819153752473,-0.0249819153752473,0.9655676305916785,0.403968253968254,2.304822571791964,0.435186109698976,0.10538311123450472,0.45881352281428117,-0.0022840933540997366,0.07492647085265602,-0.07721056420675576,0.33151439468893606,0.06255426546393794,1.0,55.396262214852605,0.6666666666666666,0.873015873015873,3.009062329102731,0.0249819153752473,88.94041442871094,22.453064841671768,63.18183277473207,-0.0249819153752473,0.025622002062517524,0.0,3.009062329102731,1.38059848758337,0.45881352281428117,-11.959224435246377,309.9090774920839,-0.7865854156466447,393.9929107855508,0.9019346373413795,523.0,1.548848433250994,9.167419114042138,-0.0249819153752473,0.4831278278767204,0.2914633872260821,0.16819622704437065,0.4831278278767204,1037
2022-02-28,DDS,1.1902466227901365,-0.36295312943524227,-0.36295312943524227,0.545474100767278,0.5785714285714286,2.045808247136614,0.3235604904012861,-0.26186370095045153,0.7086354182519814,0.07637827343877923,-0.0012348459409440293,0.07761311937972326,0.1721054760431484,0.0029775924077741767,1.0,50.13278312366476,0.3333333333333333,0.7936507936507936,1.9288080733645463,0.36295312943524227,203.41387939453125,2.5732619946025537,3.6202635861517543,-0.36295312943524227,0.5697432107522564,0.0,1.9288080733645463,1.3668217157964837,0.7086354182519814,1.6707724965046808,0.3927045240367233,-0.20216517885892193,1.9424933920532699,0.8378127417193109,162.0,0.9047341504315893,3.985697788541345,-0.36295312943524227,1.905406463704113,0.4878973203073873,0.7012138386123341,1.905406463704113,1018
2022-03-31,TRGP,1.2913955642701636,-0.01022945589918256,-0.01022945589918256,0.982900544767547,0.5492063492063493,1.202995187241028,0.3502032821849126,0.45348897466582105,0.33134922093529884,-0.0023793242045335727,0.1096897274723001,-0.11206905167683368,0.42971409592786314,0.16294195372907572,1.0,69.58896094012077,0.3333333333333333,0.8015873015873016,2.8768363309048426,0.01022945589918256,69.11882781982422,1.1169988275300842,11.38583056497993,-0.01022945589918256,0.010335179158595498,0.0,2.8768363309048426,0.9532374770036832,0.33134922093529884,1.5385410055155344,0.46417462869960335,-0.1751909042779486,2.6495361195417346,0.8863998615754736,180.0,-0.22438484125477265,0.6704722226191688,-0.01022945589918256,2.434809460035677,0.01914445353369376,1.3363608959083257,2.434809460035677,995
2022-04-29,AR,1.4345250156958333,-0.03270125437395566,-0.2289156717117603,0.9552632085598654,0.4595238095238095,2.1184883356084163,0.5364871362442973,0.8023553264393377,0.549932646306883,0.08374388112801823,0.1529642964710678,-0.06922041534304957,0.7323431794359656,0.21831349543272305,1.0,63.09637526415299,0.0,0.7619047619047619,2.6142066345617425,0.03270125437395566,35.20000076293945,3.87534650773239,11.571429057997108,-0.03270125437395566,0.03380677843512658,0.0,2.6142066345617425,1.4376375725375496,0.549932646306883,1.426584262538598,0.4312637685400833,-0.15050168770850159,2.8655078564658645,0.818683959614276,390.0,-0.13931100856021156,0.6387337762147227,-0.03270125437395566,0.22414770507492365,-0.40028408656805026,0.008522705413586351,0.22414770507492365,975
2022-05-31,AR,1.1820424442797945,-0.041573548068210564,-0.060679087955634814,0.9442445886346326,0.47619047619047616,1.702536451103044,1.0022779565343907,0.7617091536277629,0.5685642317985897,0.07066171997416482,0.2195677262288538,-0.14890600625468897,0.8821381712230518,0.25285606870680644,1.0,67.7041379108548,0.0,0.7619047619047619,2.392888824427626,0.041573548068210564,42.880001068115234,5.400000341614691,12.442006363309549,-0.041573548068210564,0.043376878825094556,0.0,2.392888824427626,1.3605109962401236,0.5685642317985897,1.3189243525097685,0.4312637685400833,-0.14596274050751612,2.954615452139144,0.824136708654194,390.0,0.11057949139610068,1.084589290436626,-0.041573548068210564,0.004897366586793517,-0.5298507615382801,-0.13269594915279115,0.004897366586793517,954
2022-06-30,AR,1.071069412961118,-0.3655558114830517,-0.3655558114830517,0.5217979649938785,0.4928571428571429,1.954183296071856,1.499438403673425,0.003930525030654719,0.6021139050779301,-0.050201450767059175,-0.3110811763946302,0.260879725627571,0.20574586574364395,-0.18106812187974686,1.0,35.30762948400975,0.25,0.7222222222222222,1.4863664153841192,0.3655558114830517,30.649999618530273,4.826995871641969,10.653991743283939,-0.3655558114830517,0.5761827724162163,0.0,1.4863664153841192,0.8949618867436167,0.6021139050779301,1.113439733672659,0.4312637685400833,-0.2852145789399003,1.5120677566449297,0.8415487787122826,390.0,-0.17466655208984766,0.4315740232121035,-0.3655558114830517,0.40587277940899824,-0.24567696159919084,0.194779751636446,0.40587277940899824,933
2022-07-29,MCK,1.0002933246350472,0.0,0.0,1.0,0.6825396825396826,0.6125446450248033,0.26728986318163517,0.10480889838330021,0.22334361612680045,0.01600218716374524,0.04711672754171792,-0.031114540377972677,0.22787230228105937,0.05620930999733087,1.0,66.1967639751361,0.0,0.9007936507936508,2.4681340823204745,-0.0,335.3549499511719,1.5292433326025652,1.262425115366292,0.0,0.0,1.0,2.4681340823204745,0.5512419910312569,0.22334361612680045,0.6288988533174988,0.2226642418610003,-0.03835101374895489,5.805954526223395,0.9439334542811907,158.0,0.19402042805294517,1.2095220535270048,0.0,1.6414997810065075,0.19265475896565176,1.1093926413636437,1.6414997810065075,913
2022-08-31,MCK,1.0751305359581091,-0.016837976569215485,-0.016837976569215485,0.9643686035290577,0.6904761904761905,0.6198422470672427,0.16918772125567783,0.15369846939935417,0.22884018396116115,0.0017858781341297814,0.12364782934273988,-0.1218619512086101,0.24513374110628416,0.07533542292736484,1.0,60.94994064622438,0.0,0.9007936507936508,2.744267368242128,0.016837976569215485,360.8470458984375,1.7095160686403146,1.482546205112087,-0.016837976569215485,0.017126349643224348,0.0,2.744267368242128,0.6279986493871402,0.22884018396116115,0.6287755297529969,0.2226642418610003,-0.03835101374895489,5.805954526223395,0.9484380234082614,158.0,0.40532861420642285,1.6276196783096815,-0.016837976569215485,1.4548906161886483,0.1300934791896915,0.9281107041503569,1.4548906161886483,890
2022-09-30,MCK,1.0974063424243705,-0.08951701134022827,-0.08951701134022827,0.8105701056866288,0.6936507936507936,0.8312037692284859,0.18854229741727013,0.05581891757710977,0.2313459642087743,-0.008778755448024311,-0.06585499206072498,0.05707623661270067,0.10257352056878544,-0.036022132619647595,1.0,40.195550313675426,0.0,0.8531746031746031,2.447155721463978,0.08951701134022827,334.171875,1.663495648556006,1.350026096750268,-0.08951701134022827,0.09831815910366104,0.0,2.447155721463978,0.5661395999511026,0.2313459642087743,0.6245264766785795,0.2226642418610003,-0.07392376133223322,3.0120794430398026,0.9233581098248824,158.0,0.40545161278962505,1.323913401726231,-0.08951701134022827,1.6508515321807642,0.2976929801105812,1.2407917192687146,1.6508515321807642,869
2022-10-31,MCK,1.1312261353748885,-0.013553782018498217,-0.013553782018498217,0.9715474162684243,0.7047619047619048,0.6775874545763889,0.12973234972386916,0.19213842335133813,0.23605043193017694,0.018147418220721745,0.12294532705854877,-0.10479790883782703,0.2135894088490664,0.0865863787141612,1.0,70.27032363836507,0.0,0.8571428571428571,2.8141884706212235,0.013553782018498217,382.842041015625,2.007596748454767,1.6826188628254473,-0.013553782018498217,0.013740011134344865,0.0,2.8141884706212235,0.6642904040230638,0.23605043193017694,0.6198304030347923,0.2226642418610003,-0.07392376133223322,3.0120794430398026,0.9028670116010139,158.0,0.6140055375974063,2.028943201556463,-0.013553782018498217,1.313852534338868,0.18722518861746007,1.2013618528162047,1.313852534338868,848
2022-11-30,MCK,1.104580188478008,-0.038632163267804276,-0.038632163267804276,0.916141368945237,0.7214285714285714,0.7817200086156184,0.20097828243055926,0.050547329263358254,0.2380639182371737,0.0038624818846810793,0.00047266972929782547,0.003389812155383254,0.14663000475848298,0.0434165999159033,1.0,56.492170104137045,0.0,0.8452380952380952,2.5590625302584047,0.038632163267804276,375.8125,1.7284867813352953,1.1647396994620243,-0.038632163267804276,0.04018458054423757,0.0,2.5590625302584047,0.6092204529672517,0.2380639182371737,0.4923406902008621,0.15340051722033743,-0.07392376133223322,2.0751178573140283,0.8849933416600023,158.0,0.47171998581766517,1.710360971018941,-0.038632163267804276,1.3571329502224345,0.22440985611903375,1.1498712425162148,1.3571329502224345,827
2022-12-30,XOM,0.8767423624921911,-0.03398149913061843,-0.03398149913061843,0.929868557026892,0.5888888888888889,0.8825862072831814,0.3297628626769149,0.2096163043971544,0.3508702095943611,0.014906059818071693,-0.004512710701907063,0.019418770519978756,0.17042867268091566,0.013004383844362088,1.0,56.69266611757673,0.6666666666666666,0.7896825396825397,1.9748176810412994,0.03398149913061843,98.830078125,0.8539996938590837,1.9531081158714572,-0.03398149913061843,0.03517686162328815,0.0,1.9748176810412994,0.6929046936576109,0.3508702095943611,0.6252965402309464,0.26915578571288834,-0.10791661904449801,2.4941087674541165,0.8249694279878288,345.0,0.09424937885558587,0.7151208704288836,-0.03398149913061843,0.6156012541748186,-0.03223789117309939,0.1909880733582341,0.6156012541748186,806
2023-01-31,TPL,0.8103595130438308,-0.26400377430867994,-0.26400377430867994,0.5864731783472672,0.638095238095238,1.222310618829372,0.29007823995910087,-0.13264444987955248,0.5043668492779019,-0.042482238664383276,-0.14861165670319265,0.10612941803880938,0.05134873446668742,-0.14665445593550186,1.0,33.24060780500575,0.8,0.7738095238095238,1.5229039735506567,0.26400377430867994,214.0685272216797,1.8236457572388756,1.4596061458968506,-0.26400377430867994,0.35870261978680884,0.0,1.5229039735506567,0.7681022788925419,0.5043668492779019,0.9544548222434652,0.4430263452483112,-0.14861165670319265,2.9811009114387566,0.8584549336407394,98.0,0.9390470412874453,3.018621636807187,-0.26400377430867994,1.4263724326306675,-0.26799983890736423,0.6114221806739446,1.4263724326306675,786
2023-02-28,ELF,0.9753302003849775,0.0,0.0,1.0,0.6428571428571429,1.159667089367257,0.5460456300636183,0.34733238314275083,0.47831789969727945,0.022292084138278545,0.30956548006506646,-0.2872733959267879,0.7147386120743551,0.22156092069714406,1.0,73.2733711703774,0.6666666666666666,0.7222222222222222,2.420033940620123,-0.0,74.75,3.6835839487052287,1.748161687622023,0.0,0.0,1.0,2.420033940620123,1.1575455516735478,0.47831789969727945,1.1133429380049158,0.2988705645692371,-0.10990664616539636,2.7193129350837677,0.9320406072217964,278.0,0.8487725738937055,2.675024554534698,0.0,-0.030100334448160515,1.7896989803250416,0.1042140590706,-0.030100334448160515,767
2023-03-31,VKTX,1.5951040105626646,-0.03923833284301381,-0.15267175868904093,0.9553219248424749,0.37142857142857144,2.943333307902018,3.3492646320855126,0.7712766270445408,1.237951445150141,0.8256578758180084,0.40743869196190396,0.41821918385610446,1.871407442348271,0.5528818883307893,1.0,71.83028403969554,0.6,0.6031746031746031,1.8834524171975038,0.03923833284301381,16.649999618530273,2.8275862031166294,1.651273736030399,-0.03923833284301381,0.040840860105425314,0.0,1.8834524171975038,2.331622641741176,1.237951445150141,0.8968240814602629,1.3209874508239627,-0.20666662851969397,6.391875941877482,0.7979981925649301,230.0,0.7978525167649231,2.8452655685683035,-0.15267175868904093,0.9417418962024287,3.7111113656788355,0.9417418962024287,0.9417418962024287,744
2023-04-28,VKTX,2.232855301051515,-0.0009376679716460723,-0.0009376679716460723,0.9989593934581737,0.37142857142857144,6.161156767501303,3.300247896148422,1.5278764762153862,1.2340377477405156,-0.0009376679716460723,0.2296595245099804,-0.23059719248162647,1.9057835500031475,0.48070426429472235,1.0,69.10882483648972,0.8,0.6785714285714286,2.264674535035645,0.0009376679716460723,21.309999465942383,2.4370967937929953,2.4041531448552016,-0.0009376679716460723,0.0009385480180623684,1.0,2.264674535035645,2.7946938625806865,1.2340377477405156,0.939778543208102,1.3209874508239627,-0.20666662851969397,6.391875941877482,0.8578067289851566,230.0,1.15026750719869,4.367758013191334,-0.0009376679716460723,0.5171282328150435,2.734397176228904,0.5171282328150435,0.5171282328150435,725
2023-05-31,VKTX,2.978087334193457,-0.1089471017820649,-0.1089471017820649,0.8808519500221771,0.37142857142857144,8.459459337550765,4.329949161172046,0.9145595966198856,1.2343116526524323,0.004574495486232566,0.04571424211774544,-0.041139746631512875,1.3284848774032985,0.13544112689910826,1.0,52.44227450338361,0.8,0.7658730158730159,2.3595606069133157,0.1089471017820649,21.959999084472656,2.016483303789735,3.15122859032693,-0.1089471017820649,0.12226782719629115,0.0,2.3595606069133157,2.912433152252751,1.2343116526524323,0.9303902835678556,1.3209874508239627,-0.20666662851969397,6.391875941877482,0.8879237235516709,230.0,0.9734970943778118,3.418511068714924,-0.1089471017820649,0.4722223669815355,1.835154868724727,0.4722223669815355,0.4722223669815355,703
2023-06-30,VKTX,2.399756764639688,-0.3461073624116149,-0.3461073624116149,0.6142085674704986,0.37142857142857144,6.60207561102596,1.3572961408523803,-0.026426459107418143,1.235671458790932,-0.10639472823120011,-0.2621757127402645,0.1557809845090644,0.43564710366627524,-0.24973506324706185,1.0,32.4644989214689,0.6666666666666666,0.7857142857142857,1.8959035481506354,0.3461073624116149,16.209999084472656,1.2482661579345504,1.7061769121648407,-0.3461073624116149,0.5293030422977234,0.0,1.8959035481506354,2.3427139030701998,1.235671458790932,0.9060991535141008,1.3209874508239627,-0.2618397194772961,5.045023167077233,0.8919792052567335,230.0,-0.07165252819980461,0.6574641643214045,-0.3461073624116149,0.9944480972872582,2.179519051601726,0.9944480972872582,0.9944480972872582,682
2023-07-31,SMCI,1.8335717640622369,-0.012645749657561045,-0.012645749657561045,0.9850185823782742,0.8238095238095238,3.6148859713820016,2.455566318676237,2.1421369454947574,0.7045652482718298,0.02775796335160141,0.3250552231969108,-0.2972972598453094,1.5156059378086724,0.3169910228156032,1.0,74.45179209342697,0.8333333333333334,0.8174603174603174,2.926489930656163,0.012645749657561045,33.027000427246094,10.165314754845971,7.842570643873808,-0.012645749657561045,0.012807712787153314,0.0,2.926489930656163,2.061903104557769,0.7045652482718298,1.4002640567295104,1.124158208080099,-0.19396727655021373,5.795607527587674,0.8148265534928194,91.0,2.128803369037735,13.877027027752675,-0.012645749657561045,-0.37838736727332367,1.1244739155192467,-0.37838736727332367,-0.37838736727332367,662
2023-08-31,SMCI,1.9349751107282338,-0.2213761913168637,-0.2213761913168637,0.740286924432153,0.8380952380952381,3.935617530872972,2.283348503283075,0.23943404152337622,0.7473149466960637,0.08316268386094361,-0.14361318746884766,0.22677587132979127,0.7660724080204306,-0.014252295443227148,1.0,50.56672601752657,0.7142857142857143,0.7579365079365079,2.3082403428466924,0.2213761913168637,27.507999420166016,9.043080904152164,6.528188037742692,-0.2213761913168637,0.2843172644454204,0.0,2.3082403428466924,1.7249825087761796,0.7473149466960637,1.4515484903496363,1.124158208080099,-0.19396727655021373,5.795607527587674,0.8691061546640834,91.0,2.094351545961173,12.651611904741904,-0.2213761913168637,-0.2536716184603728,0.6060056105505753,-0.2536716184603728,-0.2536716184603728,639
2023-09-29,SMCI,2.0036741128477553,-0.2238104107583343,-0.2238104107583343,0.7371955301399469,0.8523809523809524,4.051974022577998,1.581698743271136,0.10040131625424586,0.7465633116289672,0.10190473511605469,-0.003126310054129333,0.10503104517018402,0.5838649849476021,-0.015014334677299401,1.0,56.10227698430682,0.7142857142857143,0.7142857142857143,2.5469766250999326,0.2238104107583343,27.422000885009766,9.232089627591078,6.471934690721087,-0.2238104107583343,0.28834503046735804,0.0,2.5469766250999326,1.901479303876176,0.7465633116289672,1.4794921379099257,1.124158208080099,-0.19396727655021373,5.795607527587674,0.8761149485524231,91.0,2.1214763570736617,12.3375491057042,-0.2238104107583343,-0.25133104718597576,0.47873962250607316,-0.25133104718597576,-0.25133104718597576,619
2023-10-31,META,1.6234839991512646,-0.08098972028073725,-0.21170653357114033,0.8888700750970685,0.6706349206349206,2.2303563235173587,0.2696283745118744,-0.03806003927641599,0.44291231616428933,0.0058088568791929696,0.001096437100659653,0.004712419778533317,0.19312852186581853,-0.008641883628181635,1.0,46.05836317649982,0.75,0.7698412698412699,2.876595403704469,0.08098972028073725,298.9241638183594,0.07278404693849883,-0.06891883850722791,-0.21170653357114033,0.08812711029247433,0.0,2.876595403704469,1.2740795329222954,0.44291231616428933,1.749660589840138,0.2677114141604813,-0.3263423838519828,0.8203390898863617,0.9066831116431182,269.0,0.20754795006593707,1.1202755039664467,-0.21170653357114033,0.9859885716875918,0.8896306507702232,0.9859885716875918,0.9859885716875918,597
2023-11-30,META,1.3307760931231727,-0.0419924136356411,-0.14398964023292893,0.9369836984242444,0.6873015873015873,1.6405591014509797,0.1439422077124981,0.10381946750572846,0.41347756458965357,-0.032758734045278404,0.0490619761942217,-0.0818207102395001,0.21095714384262232,0.033074174601824824,1.0,50.76586650259994,0.75,0.8531746031746031,2.674550621851703,0.0419924136356411,324.6026916503906,0.1811748383080405,0.008290738157236133,-0.14398964023292893,0.04383307004384207,0.0,2.674550621851703,1.1058666774949857,0.41347756458965357,1.7381647377285003,0.2677114141604813,-0.3263423838519828,0.8203390898863617,0.8769160243223135,269.0,0.2806070773488444,1.39214669382386,-0.14398964023292893,0.8288818559272007,0.817560548826733,0.8288818559272007,0.8288818559272007,576
2023-12-29,CVNA,1.951271505718569,-0.11471573073365748,-0.8569575851022768,0.876150917386838,0.6158730158730159,6.038202480281979,0.21395351244175376,0.3487897739288912,1.523034188314941,-0.03288277304649556,0.6902937146406669,-0.7231764876871625,0.75713728940939,0.4035143186327099,1.0,61.96710060627673,0.9090909090909091,0.6150793650793651,2.3293372241040182,0.11471573073365748,52.939998626708984,-0.7886711117816725,-0.7650139810716237,-0.8569575851022768,0.12958067223844982,0.0,2.3293372241040182,3.547660228425041,1.523034188314941,3.5396339069740637,1.1455697399527187,-0.5141252524131021,2.228191932949926,0.7635260334583941,385.0,-0.22322024646036276,0.6653034634186263,-0.8569575851022768,4.313184852207138,2.841329918504258,4.313184852207138,4.313184852207138,556
2024-01-31,CVNA,1.5875528029653148,-0.27993307821641344,-0.8836530649468639,0.68397209588883,0.6325396825396825,3.8053095934384205,-0.057473474058512775,0.594814865677445,1.3871711414770522,0.050243935933927286,-0.11888679528501223,0.1691307312189395,0.2684423126244466,-0.01410833596677774,1.0,46.26929777631297,0.9090909090909091,0.6349206349206349,1.6840074883616183,0.27993307821641344,43.060001373291016,-0.8351391670018042,-0.7050482926702315,-0.8836530649468639,0.3887598079398322,0.0,1.6840074883616183,2.3360065898864897,1.3871711414770522,3.534182718243766,1.1455697399527187,-0.5141252524131021,2.228191932949926,0.7058159673718993,385.0,-0.5286970394727906,0.1541141728318518,-0.8836530649468639,5.532280302103461,4.843706383132909,5.532280302103461,5.532280302103461,535
2024-02-29,SMCI,1.715538835825685,-0.13733069526504127,-0.13733069526504127,0.8492653287125225,0.9261904761904762,4.192254855441203,0.9767467489216703,2.011229636734408,0.9344162690977826,0.00710456930661052,0.6353921169787706,-0.6282875476721601,1.6312775262738244,0.6393684469352503,1.0,60.45862583938289,0.75,0.746031746031746,2.748360332151898,0.13733069526504127,86.61199951171875,24.273416502711864,21.044286510083484,-0.13733069526504127,0.1591927457152702,0.0,2.748360332151898,2.5681126077057193,0.9344162690977826,1.7552164960917258,1.124158208080099,-0.19396727655021373,5.795607527587674,0.7527632034339298,13.0,3.13103338921867,44.29916432539698,-0.13733069526504127,-0.7629658615159004,-0.5480995749976569,-0.7629658615159004,-0.7629658615159004,515
2024-03-28,CVNA,3.0100733745876496,-0.03193474258837192,-0.7624695968323727,0.9654268720200697,0.6492063492063492,8.648030674625828,0.8411735503110356,0.600983498568568,1.322452176662437,0.022922983066544278,0.15777694335287618,-0.1348539602863319,0.9299205459180166,0.3658511404567317,1.0,63.194325987459656,0.9090909090909091,0.6785714285714286,2.4399620597811107,0.03193474258837192,87.91000366210938,-0.6465361212295451,-0.3230401721166958,-0.7624695968323727,0.03298821266838736,0.0,2.4399620597811107,3.2267331369312933,1.322452176662437,3.538918391311761,1.1455697399527187,-0.5141252524131021,2.228191932949926,0.6959889580912312,385.0,-0.2843209340324573,0.5196198095223024,-0.7624695968323727,2.1996358441801895,1.4182685414847769,2.1996358441801895,2.1996358441801895,495
2024-04-30,CVNA,3.77245012179336,-0.08688469994239933,-0.7759524539274044,0.9059370576639566,0.6492063492063492,10.958153650697714,2.0112645845979107,0.9256849866330568,1.3041387914511986,0.10046449698899629,0.0006032993931008868,0.0998611975958954,0.6217135599555801,0.0630414614759689,1.0,58.87299889800888,0.9090909090909091,0.7261904761904762,2.5092219410157717,0.08688469994239933,82.91999816894531,-0.7128212198745391,0.28817763913095784,-0.7759524539274044,0.09515194843073882,0.0,2.5092219410157717,3.2723736696391392,1.3041387914511986,3.567752337401143,1.1455697399527187,-0.49206347482595936,2.3280934240402655,0.6631567811913934,385.0,-0.4679602448350968,0.15874791780212028,-0.7759524539274044,2.3921852989697743,2.1005790132759934,2.3921852989697743,2.3921852989697743,473
2024-05-31,CVNA,2.355341979976006,-0.18695614894325097,-0.7298567908454194,0.7875034887916472,0.6492063492063492,6.3734176325083665,2.7196679800495716,0.22614670387984748,1.242387610948484,-0.08401280843565684,-0.1418025462924155,0.05778973785675867,0.7035009392104228,0.05349453925971237,1.0,43.366286173271696,0.9090909090909091,0.7420634920634921,2.0520082761340324,0.18695614894325097,99.9800033569336,-0.6339606136229461,2.3960598350285998,-0.7298567908454194,0.2299459601105842,0.0,2.0520082761340324,2.5493896598326775,1.242387610948484,3.5877777327328446,1.1455697399527187,-0.43015519657709156,2.6631544825413074,0.6902508153063329,385.0,-0.18393950152091554,0.7273669922582342,-0.7298567908454194,1.8133625658634283,2.4570914487218554,1.8133625658634283,1.8133625658634283,451
2024-06-28,VST,2.2268814855831636,-0.188289923239766,-0.188289923239766,0.7517663550197508,0.6134920634920635,3.1087469868238484,1.723695507416517,0.20513937277521732,0.3653430504400492,-0.025501511010287747,-0.18189606871952968,0.15639455770924193,0.5842204543779272,-0.00933356081457315,1.0,46.09855983207309,0.75,0.9801587301587301,3.520790026798429,0.188289923239766,85.05470275878906,3.953559917553899,2.8846493352789757,-0.188289923239766,0.2319669653372849,0.0,3.520790026798429,1.2862961683494407,0.3653430504400492,0.8759793137281158,0.3292715502051504,-0.14537759217933321,2.264940182796338,0.9125107397737902,218.0,0.7859140961351072,3.4325897004014294,-0.188289923239766,0.7167775506378109,1.1904094708695236,0.7167775506378109,0.7167775506378109,432
2024-07-31,FTAI,2.034835049901653,-0.010476680277841433,-0.010476680277841433,0.9854606391774252,0.6865079365079365,2.4303736596199164,1.0191862507334868,0.5283818099840065,0.367105055733758,0.05810311822082492,0.03232690138554739,0.025776216835277532,0.7391531388683525,0.17175921769409386,1.0,62.32977047990153,1.0,0.9246031746031746,3.6487192082563458,0.010476680277841433,109.65467834472656,4.178749291296536,5.16459711546349,-0.010476680277841433,0.010587603211598129,0.0,3.6487192082563458,1.3394632683037793,0.367105055733758,1.2476145729871664,0.30607475137453743,-0.1327157545061165,2.3062427856704177,0.964393084498325,181.0,1.7939744097848769,10.91670544545374,-0.010476680277841433,1.0977673023319694,0.28242277802755766,1.0977673023319694,1.0977673023319694,410
2024-08-30,FTAI,1.66960425193065,0.0,0.0,1.0,0.696031746031746,1.8040570987071818,0.7674097913469671,0.5457941768258812,0.38367614525821914,0.046336385677981484,0.2571327877989973,-0.2107964021210158,0.7702535536270103,0.19336758769536933,1.0,74.68051050597818,1.0,0.9246031746031746,3.4952588595556686,-0.0,126.11247253417969,5.200328568597908,7.126138457217065,0.0,0.0,1.0,3.4952588595556686,1.341047445913958,0.38367614525821914,1.2467499884484698,0.30607475137453743,-0.1031695846183528,2.966714972312585,0.9803241890762524,181.0,1.8633021336935027,12.434251733524595,0.0,0.824006731110223,0.22871461227573398,0.824006731110223,0.824006731110223,388
2024-09-30,ASTS,2.3924763967374787,-0.3225388432058559,-0.3225388432058559,0.6597431163832556,0.3716216216216216,6.642105599981931,13.44776171806564,1.4393655752937864,1.552409472115613,0.011605386175374877,-0.0995179478610767,0.11112333403645158,1.5559885744818276,0.02862850448563492,1.0,48.68332421826044,0.3333333333333333,0.5555555555555556,1.912857002377546,0.3225388432058559,26.149999618530273,1.2999120388508634,2.5290148659939553,-0.3225388432058559,0.476099389568196,0.0,1.912857002377546,2.96953732929358,1.552409472115613,1.8749571078085616,2.7443436541605877,-0.524046470033158,5.23683263048589,0.5229255149875046,148.0,,,-0.3225388432058559,2.4390057979752346,1.5300192974086095,2.4390057979752346,2.4390057979752346,368
2024-10-31,SMMT,2.557698201568206,-0.4177889140334743,-0.4177889140334743,0.5579121784402533,0.5880952380952381,8.543589823219353,3.239180222401637,0.85621562808855,2.996483636762386,-0.12558796084426826,-0.0010747155888080062,-0.12451324525546026,0.9464847742349956,-0.0636128627255711,1.0,43.918422914552096,0.5,0.8571428571428571,1.482245824473858,0.4177889140334743,18.59000015258789,2.6027133144027745,16.055045489279202,-0.4177889140334743,0.7175901045235251,0.0,1.482245824473858,4.441525358695287,2.996483636762386,-0.035030867041554475,4.312499920837582,-0.4929577531002979,8.74821400762137,0.9019046661816821,312.0,1.677328397763115,9.808139443816593,-0.4177889140334743,-0.16568046790883384,-0.059171617667609144,-0.16568046790883384,-0.16568046790883384,345
2024-11-29,CVNA,2.8438383247419203,-0.0014569569901053958,-0.29635231252901995,0.9983441938951475,0.6492063492063492,6.896232438324797,1.4990905400826544,0.8019651655750664,0.8249505480606009,0.0040870918261928235,0.053010456506249914,-0.04892336468005709,0.9149685028144425,0.22978850492555747,1.0,70.0358651537981,0.8333333333333334,0.9246031746031746,2.9704523512665926,0.0014569569901053958,260.4200134277344,-0.10805900490139664,34.47956512452076,-0.10805900490139664,0.0014590828110061516,0.0,2.9704523512665926,2.450476295165276,0.8249505480606009,3.2288057575765774,1.1455697399527187,-0.3852140405102541,2.9738525066098274,0.9424991724453773,385.0,0.2843419565759143,1.7418404319178578,-0.29635231252901995,0.08010131432295275,0.5167805070005156,0.08010131432295275,0.08010131432295275,325
2024-12-31,APP,3.1474007855806265,-0.19344959757841684,-0.19344959757841684,0.786262655664192,0.5625,7.782620089191914,2.9166283339888563,1.4652099959471747,0.7849926260609476,-0.052657755922752125,-0.04920875523601054,-0.003449000686741588,1.3509723691121476,0.13927203763270302,1.0,50.3523710626425,0.75,0.8928571428571429,3.0776118271608772,0.19344959757841684,323.8299865722656,2.547655465632118,30.04793644268335,-0.19344959757841684,0.2398481198417417,0.0,3.0776118271608772,2.415902590199248,0.7849926260609476,2.2052142981378764,0.9880158286403482,-0.08808810156183022,11.216223429981024,0.8359627457205935,322.0,,,-0.19344959757841684,0.3661181267711726,0.9544514078015798,0.3661181267711726,0.3661181267711726,304
2025-01-31,APP,2.921754256678616,-0.07947697051583902,-0.07947697051583902,0.9114938603731082,0.5740740740740741,6.873327939767666,3.3125582949171104,1.1531605562466631,0.7838833594368564,0.07745906412223613,0.1413087473769612,-0.06384968325472506,1.2396631481972809,0.08644942989480686,1.0,60.86836033790185,0.75,0.9126984126984127,3.175460819761831,0.07947697051583902,369.5899963378906,5.1825025741868656,29.269450874955176,-0.07947697051583902,0.086338926860283,0.0,3.175460819761831,2.489190895155018,0.7838833594368564,2.211664923440738,0.9880158286403482,-0.08808810156183022,11.216223429981024,0.8460142863382261,322.0,,,-0.07947697051583902,0.1969750778751891,0.2494656595703395,0.1969750778751891,0.1969750778751891,284
2025-02-28,RKLB,2.2065038816278486,-0.3509661080396709,-0.3509661080396709,0.6048502128034638,0.4190585533869116,5.215686217474305,3.684729059410933,-0.19457549760318105,0.8239291884413913,-0.0889284135328634,-0.2818086478101893,0.19288023427732592,0.5152355292631241,-0.22809159871539864,1.0,33.95811720264575,0.5,0.7579365079365079,2.217571436348023,0.3509661080396709,20.489999771118164,1.071789591488944,3.464052089315441,-0.3509661080396709,0.5407515884565286,0.0,2.217571436348023,1.8271218338610369,0.8239291884413913,2.2682766125625253,1.549532819900028,-0.3058636839683492,5.066089572308865,0.8849781255022265,259.0,,,-0.3509661080396709,2.281112938405112,2.4226450969643367,2.281112938405112,2.281112938405112,265
2025-03-31,APP,1.6186960824413934,-0.4805833832856543,-0.4805833832856543,0.4470033549510697,0.5954773869346733,3.87344684179224,1.6406261944257583,-0.2094459808295679,0.876031975956833,-0.2348320925166677,-0.21453132122732155,-0.020300771289346153,0.21388665243449756,-0.23629953660594927,1.0,40.435842141875796,0.8,0.8174603174603174,1.9521756967069281,0.4805833832856543,264.9700012207031,3.9582711083430446,17.96707202261621,-0.4805833832856543,0.925236828820885,0.0,1.9521756967069281,1.7101683330010775,0.876031975956833,2.505448113258967,0.9880158286403482,-0.18655980486137713,5.295973746190887,0.8463424194338571,322.0,,,-0.4805833832856543,0.669585283656148,0.669585283656148,0.669585283656148,0.669585283656148,244
2025-04-30,RKLB,1.6849268651067555,-0.30978773753045896,-0.30978773753045896,0.64832797974596,0.4457831325301205,3.7763157490217782,0.6119004662162997,-0.23624253799170303,0.8972343105655987,-0.004113265479490313,0.20055103986232625,-0.20466430534181657,0.31248857092817417,0.10291144882579784,1.0,56.51639742871027,0.5,0.7777777777777778,2.386981815347343,0.30978773753045896,21.790000915527344,2.009668729887548,4.587179585305738,-0.30978773753045896,0.44882966353286124,0.0,2.386981815347343,2.1416819834257943,0.8972343105655987,2.1174817770823173,1.549532819900028,-0.3058636839683492,5.066089572308865,0.8230415279168759,259.0,,,-0.30978773753045896,2.0853602814227576,2.0853602814227576,2.0853602814227576,2.0853602814227576,223
2025-05-30,PLTR,2.196551896816195,0.0,0.0,1.0,0.605344295991778,4.549187869372308,0.7675692230632403,0.5797171142633097,0.7255944967757066,0.06868868208904466,0.1340791931173142,-0.06539051102826954,0.7928775864636985,0.24676198544110584,1.0,65.32162859270136,0.8,0.8492063492063492,2.9036403584732495,-0.0,131.77999877929688,15.555276149216482,8.65421263458511,0.0,0.0,1.0,2.9036403584732495,2.10686546472403,0.7255944967757066,2.282523619184453,0.6140519637750632,-0.24495970629907649,2.5067468158430684,0.9385197268493377,309.0,,,0.0,0.1434208079492989,0.1434208079492989,0.1434208079492989,0.1434208079492989,202
2025-06-30,PLTR,2.0002729264181944,-0.05497395269172445,-0.05497395269172445,0.9340047213228085,0.6132930513595166,4.225218174748988,0.604334060853478,0.615165934356293,0.7316485963435685,-0.048244003417167725,0.03445142348593744,-0.08269542690310516,0.6247827910694059,0.09339062964386557,1.0,53.69738386428936,0.8,0.8650793650793651,2.6758063501517726,0.05497395269172445,136.32000732421875,12.377822663177286,8.330596203122843,-0.05497395269172445,0.058171891503210116,0.0,2.6758063501517726,1.9577499601757515,0.7316485963435685,2.274351044122913,0.6140519637750632,-0.24495970629907649,2.5067468158430684,0.9335059842403479,309.0,,,-0.05497395269172445,0.10534026247085815,0.10534026247085815,0.10534026247085815,0.10534026247085815,182
2025-07-31,RKLB,2.3127706254358866,-0.10644096683536752,-0.10644096683536752,0.8831445998053697,0.48155737704918034,5.783269724830523,0.2506133700121882,1.0759492055487976,0.940916161608969,-0.03183643530497071,0.2869954533684269,-0.3188318886733976,0.8509168673183372,0.3035233223615721,1.0,59.90339503297118,0.75,0.8015873015873016,2.770516534467378,0.10644096683536752,45.91999816894531,9.728971008859256,5.467605462780878,-0.10644096683536752,0.11912024039239544,0.0,2.770516534467378,2.606823783285228,0.940916161608969,2.1228266927249027,1.549532819900028,-0.3058636839683492,5.066089572308865,0.7247602898290514,259.0,,,-0.10644096683536752,0.4640680757343707,0.4640680757343707,0.4640680757343707,0.4640680757343707,160
2025-08-29,RKLB,2.5946502604916084,-0.054290736498614156,-0.054290736498614156,0.9387889216896644,0.49247743229689067,6.357963916347262,1.401393448001853,0.8270675856071474,0.9100578857133895,0.029224845780243758,0.08457926767860147,-0.05535442189835771,0.7169185702083443,0.14032573272455862,1.0,61.982359395689,0.6,0.8214285714285714,2.734707849661627,0.054290736498614156,48.599998474121094,7.820326035446222,7.1956154942650485,-0.054290736498614156,0.05740742804782162,0.0,2.734707849661627,2.48874244370687,0.9100578857133895,2.0796071416746478,1.549532819900028,-0.3058636839683492,5.066089572308865,0.7051228226071433,259.0,,,-0.054290736498614156,0.3833334458381259,0.3833334458381259,0.3833334458381259,0.3833334458381259,139
2025-09-30,RKLB,1.7865813034001674,-0.11343451081167355,-0.11343451081167355,0.863200158887542,0.5029469548133595,4.041922568469284,1.7168045404776695,0.34276904253451557,0.9154481887136102,-0.016019691955156623,-0.028391837089609684,0.01237214513445306,0.5426113743625345,0.03387778242442496,1.0,51.141396819478764,0.8,0.8134920634920635,2.1870714515823413,0.11343451081167355,47.90999984741211,10.32624104760785,10.141859935411855,-0.11343451081167355,0.1279482589780545,0.0,2.1870714515823413,2.0021505989383006,0.9154481887136102,2.0598516254669,1.549532819900028,-0.2946643611274854,5.258636687419517,0.6929731726921717,259.0,,,-0.11343451081167355,0.4032561797339489,0.4032561797339489,0.4032561797339489,0.4032561797339489,118
2025-10-31,HOOD,1.999110136026247,-0.03725572402230304,-0.03725572402230304,0.9559586909451612,0.6915137614678899,4.270117085922779,2.0940686894803826,0.3918073208186472,0.7779469373036638,0.006307405492222529,-0.01271271549691344,0.01902012098913597,0.7947923053907235,0.15497864457396604,1.0,59.25929442986923,0.5,0.8412698412698413,2.5194965680667156,0.03725572402230304,146.77999877929688,12.152329819550461,15.165198239273526,-0.03725572402230304,0.038697424593326035,0.0,2.5194965680667156,1.9600346386745933,0.7779469373036638,2.4963309651834065,0.5981269170417014,-0.1808246170592397,3.3077737244467653,0.8890049722073499,114.0,,,-0.03725572402230304,-0.5170322933696101,-0.5170322933696101,-0.5170322933696101,-0.5170322933696101,95
2025-11-28,HOOD,1.5407944099018918,-0.1572215673956343,-0.1572215673956343,0.7973624187236383,0.6980920314253648,2.7910492659483053,1.031038548192957,0.27419684807033207,0.7630121393194105,0.19748370772352097,-0.06938510409837773,0.2668688118218987,0.44763932960006514,-0.031246753351069634,1.0,52.03081872963682,0.3333333333333333,0.7936507936507936,2.0407368370810497,0.1572215673956343,128.49000549316406,12.582452957191819,14.314660337937152,-0.1572215673956343,0.18655148413063438,0.0,2.0407368370810497,1.557106979849139,0.7630121393194105,2.597813997124825,0.5981269170417014,-0.1808246170592397,3.3077737244467653,0.869627545656508,114.0,,,-0.1572215673956343,-0.4482839414819705,-0.4482839414819705,-0.4482839414819705,-0.4482839414819705,76
2025-12-31,AU,1.763370921825274,-0.06542471771987624,-0.06542471771987624,0.9140529215401815,0.5714285714285714,2.8488039776621443,0.8407561587834,0.18909566254856025,0.5151353388008469,-0.05149603178129758,0.01693290279681614,-0.06842893457811372,0.49335553710029023,0.08456676475270108,1.0,52.507092400013555,0.8,0.9484126984126984,2.923494155423321,0.06542471771987624,83.87088012695312,3.7090650514465873,3.8821143451293487,-0.06542471771987624,0.07000475933865569,0.0,2.923494155423321,1.5059951522362884,0.5151353388008469,0.5471067721686426,0.30892531133262136,-0.10287760594067663,3.002843121279087,0.9708797560932249,147.0,0.7659804413757846,3.258578776862654,-0.06542471771987624,-0.04627210609104382,-0.04627210609104382,-0.04627210609104382,-0.04627210609104382,54
