,outright,calendar,butterfly,volofvol
2011-01-07,0.470001220703125,0.7000007629394531,0.4199981689453125,1.0699996948242188
2011-01-14,1.6799993515014648,-1.2100000381469727,-0.7299985885620117,7.790000915527344
2011-01-21,-3.0099992752075195,-1.4200010299682617,1.4000005722045898,-9.470001220703125
2011-01-28,-1.5700016021728516,-3.309999465942383,-1.4099979400634766,-6.109992980957031
2011-02-04,4.1100006103515625,4.800000190734863,1.0999994277954102,10.409996032714844
2011-02-11,0.24000072479248047,-1.0699996948242188,-0.6100025177001953,-3.3899993896484375
2011-02-18,-0.7400007247924805,0.909998893737793,0.31000232696533203,-0.970001220703125
2011-02-25,-2.789999008178711,-1.8799991607666016,0.3599987030029297,-0.6999969482421875
2011-03-04,0.15999984741210938,1.0099983215332031,0.22999954223632812,4.689994812011719
2011-03-11,-1.0200004577636719,-0.6399974822998047,-0.7399997711181641,-1.7299957275390625
2011-03-18,-4.3600006103515625,-3.440000534057617,0.34000205993652344,-13.069999694824219
2011-03-25,6.530000686645508,3.510000228881836,-0.9300022125244141,11.75
2011-04-01,0.5100002288818359,1.8999996185302734,1.760000228881836,2.5499954223632812
2011-04-08,-0.470001220703125,-1.6000003814697266,-1.579996109008789,-1.4499969482421875
2011-04-15,2.5500011444091797,2.0500001907348633,-1.290003776550293,-2.2900009155273438
2011-04-22,0.630000114440918,0.43000030517578125,0.8099994659423828,-1.9899978637695312
2011-04-29,-0.06000041961669922,-0.9100008010864258,0.9100008010864258,3.7299957275390625
2011-05-06,-3.6499996185302734,-3.3899993896484375,-0.9099998474121094,-10.449996948242188
2011-05-13,1.3299999237060547,0.9200000762939453,-0.05999946594238281,0.5699996948242188
2011-05-20,-0.3600006103515625,-0.9900016784667969,-0.22999954223632812,3.6299972534179688
2011-05-27,1.4500007629394531,2.390000343322754,1.3299989700317383,8.770004272460938
2011-06-03,-1.970001220703125,-1.859999656677246,-0.5999975204467773,-4.0800018310546875
2011-06-10,-0.9099998474121094,-0.28999900817871094,0.2499980926513672,-7.799995422363281
2011-06-17,-2.989999771118164,-1.8799991607666016,-0.5599994659423828,-1.970001220703125
2011-06-24,0.75,0.1399993896484375,-0.31999969482421875,-3.8300018310546875
2011-07-01,5.2300004959106445,3.189999580383301,0.7099981307983398,20.5
2011-07-08,-0.07999992370605469,-0.24000167846679688,-0.1399993896484375,-2.1800003051757812
2011-07-15,-3.580000877380371,-1.2799978256225586,-0.07999897003173828,-8.510002136230469
2011-07-22,2.010000228881836,1.1200008392333984,0.5799999237060547,6.8800048828125
2011-07-29,-7.729999542236328,-9.680002212524414,-1.6400012969970703,-24.12000274658203
2011-08-05,-6.75,-0.5500011444091797,-0.4100017547607422,-12.040000915527344
2011-08-12,-4.3600006103515625,2.3300018310546875,4.730003356933594,-1.5800018310546875
2011-08-19,-6.689998626708984,-3.8499984741210938,-0.7700042724609375,8.610000610351562
2011-08-26,7.459999084472656,7.579998016357422,-0.3599967956542969,6.8600006103515625
2011-09-02,1.6700019836425781,3.780000686645508,1.6799945831298828,13.720001220703125
2011-09-09,-4.600002288818359,-5.629999160766602,-2.1299915313720703,-8.069999694824219
2011-09-16,7.540000915527344,4.209999084472656,-3.4900054931640625,5.400001525878906
2011-09-23,-10.270000457763672,-3.5400009155273438,3.8000030517578125,-11.099998474121094
2011-09-30,-1.7099990844726562,0.6200027465820312,0.6599960327148438,3.6899948120117188
2011-10-07,6.759998321533203,6.180000305175781,0.5200042724609375,8.510002136230469
2011-10-14,7.960000991821289,0.20999717712402344,-1.8700008392333984,-2.1200027465820312
2011-10-21,-3.0799999237060547,-4.0800018310546875,-1.0800018310546875,-3.3600006103515625
2011-10-28,6.789999008178711,3.670001983642578,0.9900016784667969,3.8600006103515625
2011-11-04,-5.629999160766602,-0.6900005340576172,1.1499996185302734,-9.149993896484375
2011-11-11,0.11999893188476562,0.7700004577636719,-0.20999908447265625,-8.760002136230469
2011-11-18,-1.9599990844726562,0.37000083923339844,-0.9100017547607422,10.180000305175781
2011-11-25,-2.470001220703125,-1.4400005340576172,-0.9999980926513672,2.9399948120117188
2011-12-02,6.950000762939453,-0.43000030517578125,-1.1300010681152344,6.5200042724609375
2011-12-09,1.1400012969970703,3.020000457763672,1.3799972534179688,1.5400009155273438
2011-12-16,2.089998245239258,1.1800003051757812,-1.9999961853027344,-3.3600006103515625
2011-12-23,3.5600013732910156,1.1399993896484375,1.6399993896484375,7.739997863769531
2011-12-30,-2.6700000762939453,0.09000015258789062,2.1499977111816406,-5.159996032714844
2012-01-06,2.770000457763672,-0.4200000762939453,-0.4200000762939453,4.75
2012-01-13,-0.2800006866455078,-0.10000038146972656,-0.6999988555908203,-6.600006103515625
2012-01-20,2.6299991607666016,-0.2800006866455078,-1.8399982452392578,4.310005187988281
2012-01-27,-0.25,-1.9299983978271484,1.4100017547607422,1.7999954223632812
2012-02-03,1.4300003051757812,-0.060001373291015625,-0.220001220703125,3.4000015258789062
2012-02-10,-3.690000534057617,-1.0899982452392578,-0.1700000762939453,-20.110000610351562
2012-02-17,3.010000228881836,2.539999008178711,-1.6999988555908203,-4.409996032714844
2012-02-24,0.470001220703125,-0.06999969482421875,1.4099960327148438,9.129997253417969
2012-03-02,0.019998550415039062,0.7300004959106445,0.530003547668457,2.4899978637695312
2012-03-09,0.18000030517578125,-0.9000015258789062,-1.1800003051757812,-1.0400009155273438
2012-03-16,2.640000343322754,0.9800014495849609,-2.6000022888183594,-7.799995422363281
2012-03-23,-0.34999942779541016,-2.590001106262207,1.5700006484985352,7.180000305175781
2012-03-30,-0.6800003051757812,0.10000133514404297,1.5199995040893555,-1.6800003051757812
2012-04-06,-1.2000007629394531,0.7099990844726562,0.69000244140625,0.80999755859375
2012-04-13,-2.8499984741210938,-2.1999998092651367,-0.8400030136108398,-11.290000915527344
2012-04-20,2.1099987030029297,0.7099990844726562,-0.48999786376953125,9.680000305175781
2012-04-27,1.1200008392333984,0.46000099182128906,1.6999988555908203,12.459999084472656
2012-05-04,-2.8400001525878906,-1.7900009155273438,-0.06999969482421875,-2.6899948120117188
2012-05-11,-0.7299995422363281,-0.9400005340576172,-1.1400012969970703,-8.810005187988281
2012-05-18,-5.210000991821289,-0.2999992370605469,-2.0999984741210938,-17.31999969482422
2012-05-25,3.3400001525878906,4.660001754760742,3.440000534057617,14.340003967285156
2012-06-01,-4.899999618530273,-3.450002670288086,-0.7300014495849609,-8.310005187988281
2012-06-08,5.430000305175781,1.5200004577636719,0.31999969482421875,14.810005187988281
2012-06-15,0.11999893188476562,-4.439998626708984,-4.739997863769531,-11.6300048828125
2012-06-22,3.0,4.219999313354492,2.539999008178711,4.100006103515625
2012-06-29,1.0300006866455078,1.739999771118164,2.059999465942383,14.540000915527344
2012-07-06,-0.020000457763671875,-0.279998779296875,0.31999969482421875,-0.5100021362304688
2012-07-13,0.3600006103515625,-0.34000110626220703,0.24000072479248047,-1.0
2012-07-20,0.4699993133544922,-0.6599998474121094,-2.0999984741210938,-9.510002136230469
2012-07-27,-0.43000030517578125,-0.6699991226196289,0.15000057220458984,7.529998779296875
2012-08-03,1.0600004196166992,1.119999885559082,0.9599981307983398,8.580001831054688
2012-08-10,0.9000005722045898,1.2099990844726562,0.48999977111816406,-0.3300018310546875
2012-08-17,1.2899999618530273,1.1600008010864258,-1.840001106262207,-10.189994812011719
2012-08-24,-1.7300004959106445,-0.7100009918212891,0.970001220703125,0.029998779296875
2012-08-31,-2.289999008178711,-1.2499980926513672,0.5699977874755859,1.6899948120117188
2012-09-07,3.089999198913574,-0.5500011444091797,-0.6699981689453125,11.060005187988281
2012-09-14,-0.13000011444091797,-1.5600004196166992,0.0800008773803711,-10.800003051757812
2012-09-21,0.5300006866455078,0.7900009155273438,-0.0500030517578125,5.1399993896484375
2012-09-28,-1.75,-1.1999998092651367,0.6600008010864258,-2.589996337890625
2012-10-05,1.3999996185302734,2.3299999237060547,0.8900012969970703,7.3899993896484375
2012-10-12,-1.8099994659423828,-2.450000762939453,-0.4500007629394531,-8.770004272460938
2012-10-19,-0.9200000762939453,-1.769998550415039,-0.6900005340576172,-0.7599945068359375
2012-10-26,-0.75,1.739999771118164,1.4400005340576172,3.1999969482421875
2012-11-02,0.2199993133544922,-2.180002212524414,-1.6799983978271484,1.5900039672851562
2012-11-09,-1.0200004577636719,1.5300006866455078,0.5300006866455078,-6.180000305175781
2012-11-16,2.200000762939453,0.3000011444091797,-1.8200016021728516,3.75
2012-11-23,1.2699995040893555,0.45999908447265625,0.6200008392333984,7.409996032714844
2012-11-30,-0.7299995422363281,-0.869999885559082,1.2099981307983398,4.2700042724609375
2012-12-07,-0.029999732971191406,0.5800008773803711,0.5999994277954102,-2.1500015258789062
2012-12-14,-1.1000003814697266,-0.5,0.220001220703125,-5.650001525878906
2012-12-21,-0.8400001525878906,-0.8700008392333984,-0.8700008392333984,-1.30999755859375
2012-12-28,-4.879999160766602,-5.720001220703125,-1.9799995422363281,-17.020004272460938
2013-01-04,8.889999389648438,9.770001411437988,3.070000648498535,29.540000915527344
2013-01-11,0.4700002670288086,0.06999969482421875,-0.21000099182128906,-3.339996337890625
2013-01-18,0.8999996185302734,-0.39999961853027344,-0.7599983215332031,5.089996337890625
2013-01-25,-0.43000030517578125,-1.3600006103515625,0.7600002288818359,-3.4899978637695312
2013-02-01,-0.009999275207519531,0.9099998474121094,0.6699981689453125,3.6299972534179688
2013-02-08,-0.12000083923339844,-0.5199995040893555,-0.29999828338623047,-1.1299972534179688
2013-02-15,0.5600004196166992,0.05000019073486328,0.009999275207519531,1.8699951171875
2013-02-22,-1.7100000381469727,-3.070000648498535,-1.0899991989135742,-6.1100006103515625
2013-03-01,-1.1899995803833008,1.340001106262207,1.0999975204467773,-9.169998168945312
2013-03-08,2.7699995040893555,2.0099992752075195,0.010001182556152344,11.180000305175781
2013-03-15,1.2899999618530273,0.010000228881835938,-2.049999237060547,-9.069999694824219
2013-03-22,-2.2699995040893555,-3.729999542236328,-1.1900005340576172,-6.05999755859375
2013-03-29,0.869999885559082,3.5799999237060547,3.0799999237060547,8.580001831054688
2013-04-05,-1.2200002670288086,-1.8200006484985352,-0.8599996566772461,-1.2900009155273438
2013-04-12,1.859999656677246,0.8600006103515625,-0.1399993896484375,2.0999984741210938
2013-04-19,-2.9099998474121094,-1.7300004959106445,-0.21000003814697266,-13.129997253417969
2013-04-26,1.3600006103515625,1.119999885559082,0.9599981307983398,10.430000305175781
2013-05-03,0.7599992752075195,0.7299995422363281,0.09000205993652344,4.17999267578125
2013-05-10,0.26000022888183594,0.7900009155273438,-0.25,0.4600067138671875
2013-05-17,0.1400003433227539,-0.9900007247924805,-2.1900014877319336,-3.5500030517578125
2013-05-24,-1.5399999618530273,0.16000080108642578,1.7400007247924805,0.12000274658203125
2013-05-31,-2.309999465942383,-2.300002098083496,-0.10000133514404297,-0.9900054931640625
2013-06-07,1.159998893737793,2.080000877380371,0.5800027847290039,0.6800003051757812
2013-06-14,-2.0099992752075195,-1.109999656677246,-0.2500009536743164,-9.680000305175781
2013-06-21,-1.75,-2.469999313354492,-1.3500003814697266,-2.2299957275390625
2013-06-28,2.039999008178711,3.479999542236328,1.6000022888183594,9.55999755859375
2013-07-05,1.9700002670288086,1.3899993896484375,0.4699993133544922,9.129997253417969
2013-07-12,1.0500001907348633,-0.4799995422363281,-0.12000083923339844,1.2700042724609375
2013-07-19,1.3000001907348633,0.1100006103515625,-1.2700004577636719,2.5
2013-07-26,-0.18000030517578125,-0.6000003814697266,0.23999977111816406,-2.9000015258789062
2013-08-02,0.7400007247924805,1.0,1.0599994659423828,6.180000305175781
2013-08-09,-1.4300003051757812,-1.9599990844726562,-1.239999771118164,-6.970001220703125
2013-08-16,-0.9600000381469727,-1.6400012969970703,-1.3999996185302734,-6.7599945068359375
2013-08-23,0.3900003433227539,3.5000009536743164,3.4999990463256836,4.069999694824219
2013-08-30,-3.030000686645508,-1.5500011444091797,-0.48999786376953125,-12.580001831054688
2013-09-06,1.1599998474121094,0.4200010299682617,-0.1400003433227539,6.089996337890625
2013-09-13,1.6900005340576172,0.4999990463256836,0.059998512268066406,6.779998779296875
2013-09-20,1.0399999618530273,-0.19999980926513672,-1.5199995040893555,2.8400039672851562
2013-09-27,-2.3400001525878906,-3.079998016357422,0.15999984741210938,1.9599990844726562
2013-10-04,-1.2799997329711914,0.7699966430664062,0.9899997711181641,-13.779998779296875
2013-10-11,1.0199995040893555,-0.8199977874755859,-1.5799980163574219,-2.1399993896484375
2013-10-18,2.6800003051757812,2.239999771118164,0.17999839782714844,17.43000030517578
2013-10-25,-0.05000019073486328,1.2699995040893555,1.4700002670288086,3.3899993896484375
2013-11-01,-0.18999958038330078,-0.31999969482421875,-0.32000160217285156,1.089996337890625
2013-11-08,0.38000011444091797,-0.3000001907348633,-0.19999980926513672,-0.4499969482421875
2013-11-15,0.7100000381469727,0.9800004959106445,-0.7799997329711914,-4.19000244140625
2013-11-22,-0.07000064849853516,0.1699991226196289,1.610001564025879,9.810001373291016
2013-11-29,-1.4399995803833008,-2.369999885559082,-1.2500009536743164,-1.0399971008300781
2013-12-06,-0.09000015258789062,0.8100004196166992,1.1500005722045898,-5.6399993896484375
2013-12-13,-1.9700002670288086,-3.2099990844726562,-1.9099998474121094,-14.94000244140625
2013-12-20,1.9700002670288086,3.239999771118164,1.8199996948242188,17.389999389648438
2013-12-27,1.3299999237060547,0.2199993133544922,-0.37999916076660156,1.3300018310546875
2014-01-03,-1.3000001907348633,0.4200000762939453,0.7999992370605469,-3.3600006103515625
2014-01-10,1.619999885559082,1.0499992370605469,0.1100006103515625,2.2900009155273438
2014-01-17,-0.2999992370605469,-0.7999992370605469,-1.5800018310546875,-7.980003356933594
2014-01-24,-5.699999809265137,-6.6100006103515625,-0.75,-21.98999786376953
2014-01-31,-0.2700004577636719,2.210000991821289,1.3700008392333984,-1.9500045776367188
2014-02-07,3.119999885559082,3.059999465942383,0.31999969482421875,16.490005493164062
2014-02-14,1.7200002670288086,2.5,1.3999996185302734,5.680000305175781
2014-02-21,-1.1100006103515625,-1.7299995422363281,-0.4499988555908203,-1.470001220703125
2014-02-28,0.6800003051757812,0.1700000762939453,-1.510000228881836,-2.4899978637695312
2014-03-07,-0.1099996566772461,0.3599996566772461,0.4399995803833008,-1.6200027465820312
2014-03-14,-3.7100000381469727,-5.839999198913574,-2.5399999618530273,-14.040000915527344
2014-03-21,2.8199996948242188,4.189999580383301,2.0500001907348633,18.470001220703125
2014-03-28,0.5900001525878906,-0.43000030517578125,-0.1700000762939453,3.779998779296875
2014-04-04,0.4499998092651367,0.7299995422363281,0.8299999237060547,5.3300018310546875
2014-04-11,-3.070000648498535,-2.629998207092285,-0.14999866485595703,-14.410003662109375
2014-04-18,3.6700010299682617,4.009998321533203,0.5699977874755859,13.860000610351562
2014-04-25,-0.7000007629394531,-1.919999122619629,-1.199997901916504,-0.40999603271484375
2014-05-02,1.1500005722045898,2.2100000381469727,0.909998893737793,5.9499969482421875
2014-05-09,-0.010000228881835938,-0.24000072479248047,0.38000011444091797,2.7800025939941406
2014-05-16,0.48000049591064453,0.11999988555908203,-0.7400007247924805,-6.960002899169922
2014-05-23,1.0799999237060547,0.8000001907348633,0.06000041961669922,1.8600006103515625
2014-05-30,-0.039999961853027344,-0.1099996566772461,-0.28999996185302734,-1.089996337890625
2014-06-06,0.6700000762939453,-0.4400005340576172,0.05999946594238281,0.8699951171875
2014-06-13,-1.4500007629394531,-1.2699995040893555,-0.28999805450439453,-12.729995727539062
2014-06-20,1.3299999237060547,0.22999954223632812,-0.5900001525878906,6.4799957275390625
2014-06-27,-0.4099998474121094,-0.36999988555908203,0.5500001907348633,0.6100006103515625
2014-07-04,0.9400005340576172,1.5299997329711914,0.8099985122680664,4.370002746582031
2014-07-11,-1.760000228881836,-1.5699996948242188,-0.12999916076660156,-11.560005187988281
2014-07-18,0.01999950408935547,-0.8200006484985352,-1.0199995040893555,-0.45999908447265625
2014-07-25,-0.6299991607666016,0.8500003814697266,0.8299980163574219,-0.7099990844726562
2014-08-01,-4.340001106262207,-4.3899993896484375,-1.269998550415039,-20.029998779296875
2014-08-08,1.260000228881836,3.5299997329711914,1.1899995803833008,9.270004272460938
2014-08-15,2.6200008392333984,-1.2200002670288086,-1.9200010299682617,9.639999389648438
2014-08-22,1.6799993515014648,3.3500003814697266,1.8100013732910156,2.6199951171875
2014-08-29,-0.619999885559082,0.880000114440918,0.619999885559082,-1.529998779296875
2014-09-05,0.0,-0.5000009536743164,-0.1400003433227539,3.779998779296875
2014-09-12,-1.2200002670288086,-2.049999237060547,-1.529998779296875,-11.919998168945312
2014-09-19,1.2000007629394531,2.2100000381469727,1.1299982070922852,11.550003051757812
2014-09-26,-2.7400007247924805,-2.989999771118164,-0.7899990081787109,-12.930000305175781
2014-10-03,0.3000001907348633,1.2000007629394531,0.5599994659423828,2.8600006103515625
2014-10-10,-6.689999580383301,-4.2000017166137695,1.399998664855957,-25.610000610351562
2014-10-17,-0.75,-0.5399990081787109,-1.6799983978271484,-5.459999084472656
2014-10-24,5.879999160766602,5.719999313354492,0.6200008392333984,14.459999084472656
2014-10-31,2.080000877380371,-0.4499998092651367,-1.7900018692016602,10.279998779296875
2014-11-07,0.9099998474121094,1.989999771118164,1.5300006866455078,13.659996032714844
2014-11-14,-0.1900005340576172,-0.09000015258789062,0.030000686645507812,-5.1399993896484375
2014-11-21,0.4100008010864258,0.7300004959106445,0.2499990463256836,6.2400054931640625
2014-11-28,-0.43000030517578125,-2.3899993896484375,-1.8099994659423828,-0.5
2014-12-05,1.4399995803833008,1.6499996185302734,0.030000686645507812,-5.57000732421875
2014-12-12,-9.1899995803833,-7.420000076293945,-0.4400005340576172,-53.19000244140625
2014-12-19,4.590000152587891,7.519998550415039,3.3999996185302734,39.43000793457031
2014-12-26,1.989999771118164,0.37000083923339844,-0.9899997711181641,6.8899993896484375
2015-01-02,-3.2900009155273438,-2.0799999237060547,-0.09999656677246094,-20.270004272460938
2015-01-09,0.24000167846679688,1.130000114440918,0.9299955368041992,8.780006408691406
2015-01-16,-3.4000015258789062,-4.449999809265137,-1.3099966049194336,-7.5500030517578125
2015-01-23,4.290000915527344,3.25,-1.0300025939941406,14.989997863769531
2015-01-30,-4.309999465942383,-2.270000457763672,0.7099990844726562,-12.659996032714844
2015-02-06,3.6799983978271484,4.299999237060547,0.8200035095214844,7.299995422363281
2015-02-13,2.600001335144043,1.4200000762939453,-0.2800025939941406,8.950004577636719
2015-02-20,0.3899993896484375,-0.8199977874755859,0.07999992370605469,6.959999084472656
2015-02-27,0.9600000381469727,0.7399978637695312,-0.37999916076660156,0.5499954223632812
2015-03-06,-1.859999656677246,-3.089999198913574,-0.6100015640258789,-1.649993896484375
2015-03-13,-0.8000001907348633,-0.5600004196166992,0.2800016403198242,-6.2400054931640625
2015-03-20,2.979999542236328,3.3400001525878906,-0.2599983215332031,12.6300048828125
2015-03-27,-2.049999237060547,-3.2799997329711914,-0.5400018692016602,-6.010002136230469
2015-04-03,0.39999961853027344,0.6099996566772461,0.15000057220458984,6.290000915527344
2015-04-10,2.0900001525878906,2.2400007247924805,1.5799989700317383,1.2999954223632812
2015-04-17,-1.3100004196166992,-2.320000648498535,-1.0599985122680664,-7.05999755859375
2015-04-24,1.6000003814697266,1.1700010299682617,-0.2700014114379883,9.540000915527344
2015-05-01,-0.4099998474121094,-0.7900009155273438,-0.21000099182128906,-3.2099990844726562
2015-05-08,-0.15999984741210938,0.6300010681152344,0.5900001525878906,0.1999969482421875
2015-05-15,0.4799995422363281,0.5599985122680664,-0.4199991226196289,-1.4899978637695312
2015-05-22,0.25,0.07999992370605469,1.760000228881836,4.9499969482421875
2015-05-29,-1.7100000381469727,-3.169999122619629,-1.5500001907348633,-3.089996337890625
2015-06-05,-0.36999988555908203,0.5500001907348633,0.13000011444091797,-5.029998779296875
2015-06-12,0.43000030517578125,-0.8100004196166992,-0.9700002670288086,-1.4500045776367188
2015-06-19,-0.18000030517578125,0.1400003433227539,-0.09999942779541016,-6.6100006103515625
2015-06-26,-0.06000041961669922,-1.619999885559082,-0.5999994277954102,9.07000732421875
2015-07-03,-2.770000457763672,-0.25999927520751953,0.840001106262207,-22.050003051757812
2015-07-10,-0.03999900817871094,0.779998779296875,0.7599983215332031,3.9499969482421875
2015-07-17,4.880000114440918,4.399999618530273,0.8799991607666016,15.870002746582031
2015-07-24,-1.7899999618530273,-2.2899999618530273,-0.7899999618530273,-3.0400009155273438
2015-07-31,1.619999885559082,1.630000114440918,-0.1099996566772461,6.590003967285156
2015-08-07,-1.2700004577636719,-1.8499994277954102,-0.34999942779541016,-0.8000030517578125
2015-08-14,0.5600004196166992,1.359999656677246,0.059998512268066406,-6.80999755859375
2015-08-21,-15.200000762939453,-19.229999542236328,-4.749996185302734,-49.19001007080078
2015-08-28,1.980001449584961,13.719999313354492,6.019994735717773,11.390007019042969
2015-09-04,-1.75,2.960000991821289,1.0000019073486328,4.029998779296875
2015-09-11,4.599998474121094,0.05999946594238281,-2.3599987030029297,4.060005187988281
2015-09-18,0.9200000762939453,0.1700000762939453,1.289999008178711,2.8299942016601562
2015-09-25,-1.3400001525878906,0.09000015258789062,0.37000274658203125,5.720001220703125
2015-10-02,2.6800003051757812,1.739999771118164,-0.020002365112304688,15.470001220703125
2015-10-09,3.8600006103515625,2.3299999237060547,0.10999870300292969,5.989997863769531
2015-10-16,2.0299997329711914,0.19999980926513672,-1.4999990463256836,-8.5
2015-10-23,0.5900001525878906,-1.4499998092651367,-0.2499990463256836,0.37000274658203125
2015-10-30,-0.6099996566772461,-0.24000072479248047,-0.8600015640258789,6.94000244140625
2015-11-06,0.7399997711181641,0.7600011825561523,1.1799993515014648,5.239997863769531
2015-11-13,-5.75,-3.700000762939453,-0.45999908447265625,-21.029998779296875
2015-11-20,4.609999656677246,5.39000129699707,1.4500007629394531,15.269996643066406
2015-11-27,0.35000038146972656,-3.40000057220459,-0.9200010299682617,2.44000244140625
2015-12-04,0.3099994659423828,1.380000114440918,-0.8799982070922852,-0.8400039672851562
2015-12-11,-9.579998970031738,-8.14000129699707,-1.4000015258789062,-41.899993896484375
2015-12-18,3.6899986267089844,5.500001907348633,4.360002517700195,12.769996643066406
2015-12-25,4.960000991821289,4.339999198913574,-2.4400033950805664,18.44000244140625
2016-01-01,-2.469999313354492,-3.9400014877319336,0.7799997329711914,-0.31999969482421875
2016-01-08,-8.80000114440918,-4.029998779296875,0.7100028991699219,-16.26000213623047
2016-01-15,-0.010000228881835938,-0.970001220703125,-2.25,0.04999542236328125
2016-01-22,4.680000305175781,4.410001754760742,0.2499980926513672,17.490005493164062
2016-01-29,2.1399993896484375,1.5999984741210938,0.5600013732910156,8.970001220703125
2016-02-05,-3.1799983978271484,-1.769998550415039,0.9499988555908203,-10.600006103515625
2016-02-12,-2.020000457763672,2.0,2.5400009155273438,-2.6999969482421875
2016-02-19,4.869998931884766,1.0599994659423828,-1.819997787475586,17.0
2016-02-26,0.720001220703125,-1.279998779296875,-0.8400039672851562,2.529998779296875
2016-03-04,2.9499988555908203,0.4699983596801758,-0.969996452331543,1.75
2016-03-11,0.3600006103515625,0.5,0.09999847412109375,-10.379997253417969
2016-03-18,2.479999542236328,1.1900005340576172,-0.6900005340576172,6.150001525878906
2016-03-25,-0.7199993133544922,0.46000003814697266,1.2199983596801758,2.0
2016-04-01,1.6399993896484375,-0.3400001525878906,-0.07999801635742188,2.6299972534179688
2016-04-08,-2.2599992752075195,-0.8500003814697266,0.029998779296875,-8.160003662109375
2016-04-15,1.739999771118164,0.23000049591064453,-0.9299993515014648,-0.5399932861328125
2016-04-22,0.39999961853027344,-0.2500009536743164,-0.009999275207519531,6.1699981689453125
2016-04-29,-2.479999542236328,-1.0499982833862305,0.28999805450439453,-7.5800018310546875
2016-05-06,0.9799995422363281,1.2299995422363281,-0.3699989318847656,2.8199996948242188
2016-05-13,-0.31999969482421875,-0.7899999618530273,-0.1099996566772461,-5.1399993896484375
2016-05-20,-0.15999984741210938,1.2199993133544922,1.9400005340576172,8.540000915527344
2016-05-27,2.0799999237060547,1.2199993133544922,0.5399990081787109,9.290000915527344
2016-06-03,-0.35000038146972656,-0.15999889373779297,0.18000125885009766,-2.910003662109375
2016-06-10,-3.560000419616699,-3.2699995040893555,-1.0500001907348633,-24.699996948242188
2016-06-17,-2.3799991607666016,-3.8000011444091797,-3.780000686645508,-11.94000244140625
2016-06-24,-6.350000381469727,-6.089998245239258,1.3700008392333984,-9.409996032714844
2016-07-01,10.989999771118164,12.579998016357422,3.1599998474121094,33.43000030517578
2016-07-08,1.5700006484985352,-0.7399997711181641,-1.5600013732910156,6.9799957275390625
2016-07-15,0.5299997329711914,0.6700000762939453,0.6100006103515625,-4.319999694824219
2016-07-22,0.6499996185302734,-0.14999961853027344,-1.0699996948242188,-0.470001220703125
2016-07-29,0.15000057220458984,-0.1700000762939453,0.28999900817871094,-1.3299942016601562
2016-08-05,0.4799995422363281,0.5500001907348633,0.15000057220458984,5.609992980957031
2016-08-12,-0.15999984741210938,-0.23999977111816406,-0.15999984741210938,-9.259994506835938
2016-08-19,0.21000003814697266,0.010000228881835938,-0.14999961853027344,12.049995422363281
2016-08-26,-2.309999465942383,-1.590001106262207,0.8099985122680664,-6.180000305175781
2016-09-02,1.6700000762939453,2.4099998474121094,0.25,7.2700042724609375
2016-09-09,-5.520000457763672,-6.5,-1.8199996948242188,-28.669998168945312
2016-09-16,2.130000114440918,2.559999465942383,0.20000076293945312,7.430000305175781
2016-09-23,3.0799999237060547,2.0500001907348633,-0.4499998092651367,12.189994812011719
2016-09-30,-1.0,-0.6599979400634766,0.6999988555908203,-1.0199966430664062
2016-10-07,-0.18999958038330078,0.9699993133544922,1.2099990844726562,0.55999755859375
2016-10-14,-2.6400012969970703,-0.48999977111816406,2.8300037384033203,-10.150001525878906
2016-10-21,2.780000686645508,0.880000114440918,-1.9200029373168945,13.670005798339844
2016-10-28,-2.8500003814697266,-4.680000305175781,-1.6399993896484375,-12.100006103515625
2016-11-04,-6.319999694824219,-8.370000839233398,-3.249998092651367,-20.790000915527344
2016-11-11,8.34000015258789,11.34000015258789,3.9399986267089844,23.01000213623047
2016-11-18,1.3199996948242188,3.2400007247924805,2.5399999618530273,10.819999694824219
2016-11-25,0.5100002288818359,-1.8100004196166992,-2.810000419616699,3.75
2016-12-02,-1.7799997329711914,-1.9399995803833008,-0.9200010299682617,-15.419998168945312
2016-12-09,2.369999885559082,0.9799995422363281,-0.6399993896484375,8.669998168945312
2016-12-16,-0.4499998092651367,0.7799997329711914,0.9800004959106445,-4.3899993896484375
2016-12-23,0.7600002288818359,1.3700008392333984,0.48999977111816406,6.150001525878906
2016-12-30,-2.6000003814697266,-2.4099998474121094,0.20999908447265625,-3.9599990844726562
2017-01-06,2.7200002670288086,1.510000228881836,0.030000686645507812,11.010002136230469
2017-01-13,0.09000015258789062,0.17999935150146484,0.039999961853027344,-12.310005187988281
2017-01-20,-0.3100004196166992,-0.7800006866455078,-0.05999946594238281,9.270004272460938
2017-01-27,0.9600000381469727,-0.4499988555908203,-0.75,0.0
2017-02-03,-0.3900003433227539,0.5399999618530273,0.5800008773803711,-5.340003967285156
2017-02-10,0.11999988555908203,0.029998779296875,0.06999969482421875,3.2000045776367188
2017-02-17,-0.6399993896484375,-0.1999988555908203,1.4599990844726562,4.519996643066406
2017-02-24,0.01999950408935547,0.6599998474121094,-1.4599990844726562,-2.05999755859375
2017-03-03,0.5100002288818359,0.34999942779541016,0.3299989700317383,2.1199951171875
2017-03-10,-0.6999998092651367,-1.989999771118164,-0.8299999237060547,0.9200057983398438
2017-03-17,0.38000011444091797,0.3400001525878906,0.5,1.6099929809570312
2017-03-24,-1.6800003051757812,-2.9300003051757812,-0.8299999237060547,-11.079994201660156
2017-03-31,0.5900001525878906,2.820000648498535,3.5399999618530273,11.430000305175781
2017-04-07,-0.5,0.05999946594238281,0.1399993896484375,-11.080001831054688
2017-04-14,-3.0900001525878906,-1.0,1.8000011444091797,-26.150001525878906
2017-04-21,1.3299999237060547,-5.340000152587891,-6.0,20.12999725341797
2017-04-28,3.810000419616699,5.850000381469727,1.8699989318847656,18.32000732421875
2017-05-05,0.25,-2.09999942779541,-2.439999580383301,-3.5600051879882812
2017-05-12,0.1700000762939453,2.1599998474121094,1.5799999237060547,-1.8499984741210938
2017-05-19,-1.640000343322754,-1.0600004196166992,1.1800012588500977,-4.709999084472656
2017-05-26,2.229999542236328,2.3299994468688965,-0.029999256134033203,5.400001525878906
2017-06-02,0.06000041961669922,-0.8499999046325684,-1.0100016593933105,-1.8100051879882812
2017-06-09,-0.9499998092651367,-1.3999996185302734,-0.5,-3.7900009155273438
2017-06-16,0.31999969482421875,1.7899999618530273,1.6500005722045898,0.410003662109375
2017-06-23,0.3599996566772461,-0.40000057220458984,-0.4199991226196289,2.4800033569335938
2017-06-30,-1.1599998474121094,-0.7699995040893555,-0.010001182556152344,-5.910003662109375
2017-07-07,-0.009999275207519531,1.0500001907348633,0.3099985122680664,-2.0699996948242188
2017-07-14,1.6799993515014648,0.4199991226196289,-0.3599977493286133,10.300003051757812
2017-07-21,0.15000057220458984,0.280001163482666,0.31999826431274414,4.339996337890625
2017-07-28,-0.9300003051757812,-0.9300007820129395,-0.10999917984008789,-9.339996337890625
2017-08-04,0.26000022888183594,0.1400003433227539,-0.7200002670288086,-0.19000244140625
2017-08-11,-5.4800004959106445,-3.310000419616699,0.37000179290771484,-40.040000915527344
2017-08-18,1.25,1.619999885559082,0.5999994277954102,13.040000915527344
2017-08-25,2.9800004959106445,2.5399999618530273,-0.10000133514404297,18.860000610351562
2017-09-01,1.1499996185302734,0.6300005912780762,-0.8699994087219238,1.9300003051757812
2017-09-08,-1.989999771118164,-2.250000476837158,-0.4699997901916504,-6.5200042724609375
2017-09-15,1.9499998092651367,1.260000228881836,0.8199996948242188,9.490005493164062
2017-09-22,0.5799999237060547,0.21000051498413086,-0.7300000190734863,-2.660003662109375
2017-09-29,0.07999992370605469,-0.3300004005432129,0.23000097274780273,0.15000152587890625
2017-10-06,-0.1399993896484375,0.01999950408935547,0.39999866485595703,-3.9499969482421875
2017-10-13,0.039999961853027344,-0.6099996566772461,0.23000049591064453,-0.7100067138671875
2017-10-20,-0.3600006103515625,-0.5099992752075195,0.4700002670288086,7.2700042724609375
2017-10-27,0.1700000762939453,0.17999935150146484,-0.9199991226196289,-2.25
2017-11-03,0.6599998474121094,0.9600000381469727,-0.7400007247924805,3.0999984741210938
2017-11-10,-2.1499996185302734,-1.2800006866455078,0.6399993896484375,-15.080001831054688
2017-11-17,-0.1400003433227539,2.0100011825561523,1.9100008010864258,7.6399993896484375
2017-11-24,1.760000228881836,-0.7600002288818359,-1.5200004577636719,10.800003051757812
2017-12-01,-1.760000228881836,-3.25,-1.4499988555908203,-8.709999084472656
2017-12-08,1.8500003814697266,2.7200002670288086,0.659998893737793,3.1399993896484375
2017-12-15,0.15999984741210938,-0.1900005340576172,0.25,-0.30999755859375
2017-12-22,-0.4799995422363281,1.1499996185302734,1.289999008178711,-2.7000045776367188
2017-12-29,-1.140000343322754,-2.309999465942383,-1.2299995422363281,-5.8600006103515625
2018-01-05,1.8199996948242188,1.6900005340576172,0.1100006103515625,7.660003662109375
2018-01-12,-0.9399995803833008,-0.840001106262207,0.7599992752075195,0.8799972534179688
2018-01-19,-1.1100006103515625,-0.8899993896484375,-0.34999847412109375,-9.3699951171875
2018-01-26,0.1900005340576172,0.36999988555908203,-0.850001335144043,2.9399948120117188
2018-02-02,-6.229999542236328,-4.829999923706055,0.48999786376953125,-26.860000610351562
2018-02-09,-11.75,-4.8899993896484375,2.8300018310546875,-41.769996643066406
2018-02-16,9.600000381469727,7.209999084472656,-0.4900016784667969,46.08000183105469
2018-02-23,2.969999313354492,2.030000686645508,-0.5699977874755859,11.009994506835938
2018-03-02,-3.1000003814697266,-1.5300006866455078,-0.05000114440917969,-4.589996337890625
2018-03-09,4.949999809265137,2.4900007247924805,-1.7099981307983398,15.069999694824219
2018-03-16,-1.1599998474121094,-0.6700010299682617,0.18999958038330078,-6.779998779296875
2018-03-23,-9.070000648498535,-8.239997863769531,-0.1999988555908203,-23.33000946044922
2018-03-30,4.900001525878906,5.409997940063477,0.08999824523925781,26.50000762939453
2018-04-06,-1.5200004577636719,-1.8399982452392578,-0.10000038146972656,4.720001220703125
2018-04-13,4.079999923706055,4.049997329711914,1.1900005340576172,4.659996032714844
2018-04-20,0.5300006866455078,-0.6999988555908203,-0.10000038146972656,-5.269996643066406
2018-04-27,1.4699993133544922,1.1500005722045898,-0.5099992752075195,7.05999755859375
2018-05-04,0.6399993896484375,0.14999961853027344,-0.26999855041503906,4.029998779296875
2018-05-11,2.1200008392333984,0.7899999618530273,0.20999813079833984,-1.9099960327148438
2018-05-18,-0.7700004577636719,0.13000011444091797,0.9300012588500977,-4.730003356933594
2018-05-25,0.19999980926513672,-0.3400001525878906,-0.020000457763671875,0.9800033569335938
2018-06-01,-0.23999977111816406,0.46000099182128906,0.05999946594238281,0.4799957275390625
2018-06-08,1.2799997329711914,-0.7900009155273438,-2.010000228881836,-0.18999481201171875
2018-06-15,0.20000076293945312,0.5399999618530273,0.4999990463256836,-8.170005798339844
2018-06-22,-1.7900009155273438,-0.23999977111816406,1.180002212524414,-0.8299942016601562
2018-06-29,-2.3199996948242188,-1.1300010681152344,0.22999954223632812,-3.4800033569335938
2018-07-06,2.7200002670288086,2.0100011825561523,-0.5700006484985352,10.230003356933594
2018-07-13,1.1899995803833008,0.25,0.21000099182128906,-4.069999694824219
2018-07-20,-0.6799993515014648,-0.40000057220458984,-0.12000179290771484,-2.9500045776367188
2018-07-27,-0.1700000762939453,-0.6599998474121094,-0.15999984741210938,5.6100006103515625
2018-08-03,1.3899993896484375,1.5,-0.2599983215332031,10.550003051757812
2018-08-10,-1.5199995040893555,-2.7799997329711914,-1.2000017166137695,-12.470001220703125
2018-08-17,0.5199995040893555,1.4700002670288086,0.5300016403198242,-2.7399978637695312
2018-08-24,0.6500005722045898,1.0499992370605469,0.4499988555908203,7.8600006103515625
2018-08-31,-0.869999885559082,-0.5100002288818359,0.5699996948242188,1.2199935913085938
2018-09-07,-2.020000457763672,-1.039999008178711,0.12000083923339844,-9.649993896484375
2018-09-14,2.810000419616699,1.3399991989135742,0.15999889373779297,14.30999755859375
2018-09-21,0.3899993896484375,-0.48999977111816406,-1.6899986267089844,-2.1299972534179688
2018-09-28,-0.4399995803833008,-0.34999942779541016,0.14999866485595703,2.8899993896484375
2018-10-05,-2.6999998092651367,-2.2100000381469727,0.23000049591064453,-15.319999694824219
2018-10-12,-6.489999771118164,-4.390000343322754,1.409998893737793,-22.18000030517578
2018-10-19,1.4200000762939453,1.710000991821289,-1.1299991607666016,9.860000610351562
2018-10-26,-4.270000457763672,-6.120000839233398,-2.8599987030029297,4.459999084472656
2018-11-02,4.649999618530273,6.539999008178711,1.6000003814697266,8.110000610351562
2018-11-09,2.1499996185302734,3.6999998092651367,3.080000877380371,1.8299942016601562
2018-11-16,-0.779998779296875,0.17000102996826172,-0.050004005432128906,-1.3799972534179688
2018-11-23,-3.3800010681152344,-2.6700000762939453,-0.7099971771240234,2.6399993896484375
2018-11-30,3.450000762939453,-2.8999996185302734,-4.079999923706055,5.700004577636719
2018-12-07,-5.159999847412109,-2.4099998474121094,0.80999755859375,-2.9000015258789062
2018-12-14,1.6000003814697266,5.469999313354492,3.230001449584961,0.04000091552734375
2018-12-21,-8.480001449584961,-8.000001907348633,0.4200000762939453,-10.160003662109375
2018-12-28,1.7700004577636719,1.8100013732910156,0.09000015258789062,15.370002746582031
2019-01-04,6.960000991821289,6.290000915527344,-0.7100028991699219,6.799995422363281
2019-01-11,3.1899986267089844,3.049999237060547,0.910003662109375,0.5900039672851562
2019-01-18,0.3900012969970703,-0.01999950408935547,0.9999971389770508,1.3600006103515625
2019-01-25,0.37999916076660156,-1.1500005722045898,-1.8699979782104492,-0.8899993896484375
2019-02-01,1.2800006866455078,0.9900007247924805,0.8899984359741211,3.3799972534179688
2019-02-08,0.4199991226196289,0.1900005340576172,0.01000213623046875,-2.6999969482421875
2019-02-15,0.8100004196166992,0.649998664855957,0.5899991989135742,2.25
2019-02-22,1.3999996185302734,-0.3299989700317383,-1.0899991989135742,5.469993591308594
2019-03-01,-0.05999946594238281,0.07999992370605469,0.3599987030029297,-4.2899932861328125
2019-03-08,-2.479999542236328,-1.5699996948242188,-0.07000160217285156,-7.970001220703125
2019-03-15,3.169999122619629,1.279998779296875,-0.7999973297119141,4.299995422363281
2019-03-22,-3.59999942779541,-3.2399988174438477,-0.820002555847168,-15.55999755859375
2019-03-29,2.7699995040893555,2.939999580383301,0.5400018692016602,12.680000305175781
2019-04-05,0.8900003433227539,1.4800004959106445,1.1799993515014648,6.720001220703125
2019-04-12,0.8099994659423828,-0.2200002670288086,-0.6399984359741211,-5.8800048828125
2019-04-19,-0.07999992370605469,-0.0800008773803711,-0.1400003433227539,0.5699996948242188
2019-04-26,-0.6399993896484375,-1.5599994659423828,-0.9200019836425781,0.32000732421875
2019-05-03,-0.1400003433227539,1.0299997329711914,0.9500017166137695,-2.1400070190429688
2019-05-10,-3.1700010299682617,-3.7799997329711914,-1.0999975204467773,-9.779998779296875
2019-05-17,0.0800008773803711,0.4699993133544922,-0.01000213623046875,-3.1100006103515625
2019-05-24,0.1099996566772461,0.9300012588500977,0.6500005722045898,8.930000305175781
2019-05-31,-2.8599987030029297,-1.9000005722045898,0.3399972915649414,-6.529998779296875
2019-06-07,2.4099998474121094,2.299999237060547,0.8400001525878906,10.720001220703125
2019-06-14,1.0199995040893555,0.9100008010864258,-0.029999732971191406,3.4300003051757812
2019-06-21,-0.11999988555908203,-1.1999998092651367,-1.0999994277954102,-0.5699996948242188
2019-06-28,0.31999969482421875,-1.4500007629394531,-0.8699989318847656,-2.6399993896484375
2019-07-05,2.510000228881836,4.2300004959106445,2.2699995040893555,5.739997863769531
2019-07-12,0.17999935150146484,0.3000001907348633,-0.5999994277954102,-6.099998474121094
2019-07-19,-2.059999465942383,-2.5500001907348633,-0.6900014877319336,-0.6299972534179688
2019-07-26,2.2899999618530273,0.7799997329711914,-1.3199987411499023,3.6599960327148438
2019-08-02,-5.450000762939453,-2.950000762939453,1.5500011444091797,-19.580001831054688
2019-08-09,-0.3599987030029297,0.6100006103515625,-0.01000213623046875,1.1700057983398438
2019-08-16,-0.5,0.5300006866455078,-0.7500019073486328,-8.800003051757812
2019-08-23,-1.4000015258789062,-2.529998779296875,-1.0499954223632812,-1.0500030517578125
2019-08-30,0.8900012969970703,2.1299991607666016,1.9899959564208984,8.709999084472656
2019-09-06,3.979999542236328,4.129998207092285,0.3300027847290039,8.260002136230469
2019-09-13,1.260000228881836,-1.019998550415039,-1.960000991821289,-4.529998779296875
2019-09-20,-1.5799999237060547,-1.0200014114379883,0.06000041961669922,-2.0999984741210938
2019-09-27,-1.8999996185302734,-1.0499992370605469,0.6699981689453125,-2.1699981689453125
2019-10-04,0.17999839782714844,0.3400001525878906,0.3000030517578125,8.009994506835938
2019-10-11,1.460000991821289,-0.05000019073486328,-0.8900003433227539,-2.5099945068359375
2019-10-18,1.3299999237060547,2.0299997329711914,1.169999122619629,6.5
2019-10-25,1.6000003814697266,1.080000877380371,-0.24000072479248047,7.379997253417969
2019-11-01,0.34999942779541016,0.19999980926513672,0.0800008773803711,-1.8700027465820312
2019-11-08,0.23000049591064453,0.630000114440918,-0.05000019073486328,-3.3699951171875
2019-11-15,0.01999950408935547,-0.8900003433227539,0.15000057220458984,-4.290000915527344
2019-11-22,-0.28999996185302734,0.8599996566772461,0.619999885559082,-1.0500030517578125
2019-11-29,-0.2799997329711914,-2.029998779296875,-1.6900005340576172,3.3499984741210938
2019-12-06,-1.0,-0.7500019073486328,-0.14999961853027344,-5.469993591308594
2019-12-13,0.9899997711181641,-0.529998779296875,-0.6499996185302734,-0.09000396728515625
2019-12-20,0.11999988555908203,3.179999351501465,2.859999656677246,-2.6800003051757812
2019-12-27,-0.9200000762939453,-1.0999994277954102,-0.5199995040893555,-0.339996337890625
2020-01-03,-0.5900001525878906,-1.7199993133544922,-0.6599998474121094,5.839996337890625
2020-01-10,1.4600000381469727,1.1499996185302734,0.35000038146972656,5.459999084472656
2020-01-17,0.46000003814697266,0.9899997711181641,1.1499996185302734,-3.4199981689453125
2020-01-24,-2.4600000381469727,-3.9499998092651367,-2.34999942779541,-6.680000305175781
2020-01-31,-4.279999732971191,-4.450000762939453,-1.010000228881836,-7.1699981689453125
2020-02-07,3.369999885559082,5.590002059936523,3.529998779296875,9.589996337890625
2020-02-14,1.7899999618530273,1.9599990844726562,-0.03999900817871094,-2.1599960327148438
2020-02-21,-3.3999996185302734,-2.6800003051757812,-0.10000228881835938,-6.69000244140625
2020-02-28,-23.030000686645508,-24.89000129699707,-3.309999465942383,-20.87000274658203
2020-03-06,-1.8299980163574219,9.960000991821289,2.3999996185302734,-1.4300003051757812
2020-03-13,-15.890003204345703,-8.470001220703125,-2.3899993896484375,-44.1199951171875
2020-03-20,-8.209999084472656,3.6799964904785156,-14.45999526977539,-15.899993896484375
2020-03-27,0.5,1.3000030517578125,19.979995727539062,18.469985961914062
2020-04-03,18.740001678466797,14.760002136230469,-0.9000015258789062,25.19000244140625
2020-04-10,5.130001068115234,2.0100021362304688,0.20999908447265625,5.7700042724609375
2020-04-17,3.5199966430664062,0.9099960327148438,0.5300064086914062,10.599998474121094
2020-04-24,2.220001220703125,4.99000358581543,-0.5100040435791016,7.2700042724609375
2020-05-01,-1.2599983215332031,-3.690000534057617,-1.4900035858154297,-2.2700042724609375
2020-05-08,9.209999084472656,4.349998474121094,-1.4099960327148438,6.5
2020-05-15,-3.9099998474121094,-1.9500007629394531,0.13000106811523438,-17.37000274658203
2020-05-22,3.729999542236328,3.2700023651123047,1.7499980926513672,14.640007019042969
2020-05-29,0.6499996185302734,-2.3900012969970703,-1.1499996185302734,12.779998779296875
2020-06-05,2.989999771118164,-0.8899993896484375,-1.1699981689453125,-1.9899978637695312
2020-06-12,-11.569999694824219,-3.2600021362304688,-1.3800010681152344,-44.010009765625
2020-06-19,0.970001220703125,1.2300033569335938,2.029998779296875,13.25
2020-06-26,0.3899993896484375,-0.2700042724609375,0.7099990844726562,9.720001220703125
2020-07-03,7.049999237060547,5.74000358581543,1.5000019073486328,13.160003662109375
2020-07-10,0.3899993896484375,0.1999988555908203,-0.8799991607666016,5.760002136230469
2020-07-17,1.6100006103515625,-0.2199993133544922,-2.1400012969970703,-8.260002136230469
2020-07-24,-0.15999984741210938,-0.3500022888183594,-0.4099998474121094,0.75
2020-07-31,1.3800010681152344,1.239999771118164,0.17999839782714844,5.180000305175781
2020-08-07,2.25,1.1000022888183594,-0.5400009155273438,3.8600006103515625
2020-08-14,0.15999984741210938,0.2999992370605469,-0.20000076293945312,-6.1699981689453125
2020-08-21,-0.4900016784667969,-0.3400001525878906,1.0400047302246094,3.0999984741210938
2020-08-28,-0.4199981689453125,2.3300018310546875,0.26999664306640625,-0.30999755859375
2020-09-04,-7.790000915527344,-7.150001525878906,-1.8299980163574219,-10.580001831054688
2020-09-11,3.8799991607666016,-0.5400009155273438,-1.05999755859375,8.19000244140625
2020-09-18,1.0400009155273438,1.6399993896484375,0.8999977111816406,12.759994506835938
2020-09-25,-0.5499992370605469,1.0200004577636719,-1.0200004577636719,1.5500030517578125
2020-10-02,-1.25,0.29000091552734375,2.0699996948242188,-3.0800018310546875
2020-10-09,2.6299991607666016,1.6800003051757812,4.6399993896484375,-6.5
2020-10-16,-2.4099998474121094,-1.8600006103515625,1.1000022888183594,-6.6999969482421875
2020-10-23,-0.1399993896484375,-2.8700008392333984,-2.150003433227539,-3.0200042724609375
2020-10-30,-10.470001220703125,-12.760000228881836,-6.379999160766602,-26.300003051757812
2020-11-06,13.15999984741211,11.470003128051758,2.950002670288086,32.110008239746094
2020-11-13,1.760000228881836,1.269998550415039,1.1099987030029297,-1.2600021362304688
2020-11-20,-0.6000003814697266,1.519998550415039,1.980001449584961,0.40000152587890625
2020-11-27,2.8600006103515625,-0.019998550415039062,-2.480001449584961,7.8699951171875
2020-12-04,0.049999237060546875,0.15000152587890625,0.3300018310546875,2.4000015258789062
2020-12-11,-2.519998550415039,-0.7300033569335938,0.7899971008300781,-17.04999542236328
2020-12-18,1.739999771118164,2.8700008392333984,1.1499996185302734,10.469993591308594
2020-12-25,0.03999900817871094,-0.2199993133544922,-0.6999988555908203,-4.959999084472656
2021-01-01,-1.2199993133544922,-4.170000076293945,-1.5500011444091797,3.4000015258789062
2021-01-08,1.1900005340576172,2.479999542236328,0.8600006103515625,0.8600006103515625
2021-01-15,-2.780000686645508,-0.9899997711181641,-0.14999961853027344,-13.25
2021-01-22,3.020000457763672,1.9000015258789062,-1.0200004577636719,11.660003662109375
2021-01-29,-11.770000457763672,-6.220001220703125,0.9599990844726562,-24.740005493164062
2021-02-05,12.219999313354492,9.75,0.030002593994140625,29.69000244140625
2021-02-12,0.9000015258789062,0.4499998092651367,-1.310002326965332,-10.949996948242188
2021-02-19,-2.0799999237060547,-2.689999580383301,0.28999996185302734,1.1399993896484375
2021-02-26,-5.900001525878906,-8.579999923706055,-1.799997329711914,-7.510002136230469
2021-03-05,3.2900009155273438,3.8799991607666016,0.7199993133544922,8.75
2021-03-12,3.969999313354492,4.270000457763672,0.6300010681152344,4.4799957275390625
2021-03-19,-0.26000022888183594,-1.6200008392333984,0.39999961853027344,-4.219993591308594
2021-03-26,2.0900001525878906,-0.7099990844726562,0.4500007629394531,12.689994812011719
2021-04-02,1.5300006866455078,1.9999990463256836,1.639998435974121,4.290000915527344
2021-04-09,0.6399993896484375,-0.4499988555908203,-1.269998550415039,-3.089996337890625
2021-04-16,0.4400005340576172,0.010000228881835938,-0.45000267028808594,-5.7400054931640625
2021-04-23,-1.0799999237060547,-0.06000041961669922,0.02000141143798828,-0.55999755859375
2021-04-30,-1.2800006866455078,-0.9600000381469727,0.600001335144043,-0.8600006103515625
2021-05-07,1.9200000762939453,0.16000080108642578,-1.1200017929077148,2.19000244140625
2021-05-14,-2.1199989318847656,-1.8500003814697266,-0.5500011444091797,-10.529998779296875
2021-05-21,-1.3400001525878906,1.519998550415039,1.739999771118164,-6.660003662109375
2021-05-28,3.3899993896484375,1.3800010681152344,0.6200027465820312,18.80999755859375
2021-06-04,0.3400001525878906,0.17000102996826172,-0.7900018692016602,-2.75
2021-06-11,0.7700004577636719,-1.3400020599365234,-0.9200000762939453,-7.959999084472656
2021-06-18,-5.05000114440918,-3.7899980545043945,-0.26999759674072266,-12.709999084472656
2021-06-25,5.080000877380371,4.34999942779541,2.0499982833862305,22.919998168945312
2021-07-02,0.5500001907348633,1.7599992752075195,0.06000041961669922,-0.1999969482421875
2021-07-09,-1.1100006103515625,-1.4799995422363281,-1.5400009155273438,-6.510002136230469
2021-07-16,-2.270000457763672,-1.6499996185302734,-0.3699970245361328,-16.269996643066406
2021-07-23,1.25,3.0099992752075195,1.3499994277954102,13.970001220703125
2021-07-30,-1.039999008178711,-0.9599990844726562,0.05999755859375,-1.2600021362304688
2021-08-06,2.0900001525878906,2.0900001525878906,0.529998779296875,4.180000305175781
2021-08-13,0.6999998092651367,-0.8600006103515625,-1.039999008178711,-5.80999755859375
2021-08-20,-3.109999656677246,-1.7400007247924805,0.17999935150146484,-2.7000045776367188
2021-08-27,2.1700000762939453,0.9800014495849609,0.23999977111816406,10.889999389648438
2021-09-03,-0.020000457763671875,0.3699989318847656,0.9900016784667969,4.1399993896484375
2021-09-10,-4.540000915527344,-7.930000305175781,-4.829998016357422,-19.5
2021-09-17,0.1400012969970703,2.8299999237060547,2.7299976348876953,6.0800018310546875
2021-09-24,3.059999465942383,2.020000457763672,0.7000007629394531,15.830001831054688
2021-10-01,-3.3500003814697266,-2.3999996185302734,0.03999900817871094,-9.540000915527344
2021-10-08,2.3299999237060547,1.9599990844726562,-0.55999755859375,5.340003967285156
2021-10-15,2.470001220703125,1.9200000762939453,0.1399974822998047,0.5099945068359375
2021-10-22,0.8699989318847656,0.970001220703125,-0.18999862670898438,0.6800003051757812
2021-10-29,-0.8299999237060547,-1.3299999237060547,-0.3900012969970703,0.910003662109375
2021-11-05,-0.2199993133544922,0.6399993896484375,0.8400001525878906,-5.040000915527344
2021-11-12,0.18999862670898438,1.3600006103515625,0.5800018310546875,-1.9000015258789062
2021-11-19,-1.6199989318847656,0.7699995040893555,1.5499982833862305,-1.6299972534179688
2021-11-26,-10.710000991821289,-10.90000057220459,-3.9799985885620117,-36.00000762939453
2021-12-03,-2.049999237060547,1.510000228881836,0.3899974822998047,-6.3600006103515625
2021-12-10,11.979999542236328,7.40000057220459,0.6400022506713867,42.25000762939453
2021-12-17,-2.8799991607666016,-1.4500017166137695,-0.09000110626220703,-22.209999084472656
2021-12-24,3.6100006103515625,3.5000009536743164,0.5599985122680664,15.599998474121094
2021-12-31,0.7399997711181641,-0.9100008010864258,0.3300008773803711,10.790000915527344
2022-01-07,-1.5400009155273438,-1.1499977111816406,-0.049999237060546875,-4.19000244140625
2022-01-14,-0.43000030517578125,-1.960000991821289,-0.9999980926513672,-3.7099990844726562
2022-01-21,-9.65999984741211,-6.420000076293945,-1.3600025177001953,-31.93000030517578
2022-01-28,1.1900005340576172,1.6000003814697266,1.480001449584961,17.05999755859375
2022-02-04,4.440000534057617,3.6999988555908203,-0.04000282287597656,7.5500030517578125
2022-02-11,-4.14000129699707,-2.3999996185302734,0.7200031280517578,-16.279998779296875
2022-02-18,-0.3899993896484375,1.1999988555908203,1.1999988555908203,7.529998779296875
2022-02-25,0.15999984741210938,-1.299997329711914,0.7399997711181641,15.879997253417969
2022-03-04,-4.3899993896484375,-0.6600017547607422,-0.48000144958496094,-10.089996337890625
2022-03-11,1.2299995422363281,0.48000144958496094,-1.9799976348876953,2.2699966430664062
2022-03-18,6.879999160766602,2.6499977111816406,0.470001220703125,18.840003967285156
2022-03-25,3.0600013732910156,1.9099998474121094,-0.5500030517578125,-2.470001220703125
2022-04-01,1.1800003051757812,1.9400005340576172,0.6000003814697266,-3.0100021362304688
2022-04-08,-1.5300006866455078,-0.3399982452392578,0.8000011444091797,0.0800018310546875
2022-04-15,-1.5400009155273438,-1.1800003051757812,0.18000030517578125,-2.6100006103515625
2022-04-22,-5.509998321533203,-5.8899993896484375,-2.5500030517578125,-7.620002746582031
2022-04-29,-5.19000244140625,-3.730001449584961,0.030004501342773438,0.3899993896484375
2022-05-06,3.210000991821289,5.450000762939453,0.7699966430664062,5.200004577636719
2022-05-13,1.3199996948242188,-1.1999988555908203,-0.6199970245361328,2.8899993896484375
2022-05-20,-0.5599994659423828,0.6299972534179688,0.8699989318847656,6.089996337890625
2022-05-27,3.710000991821289,2.94000244140625,1.7599983215332031,14.139999389648438
2022-06-03,0.9299983978271484,-0.6100006103515625,-1.089996337890625,3.160003662109375
2022-06-10,-2.9599990844726562,-3.3400020599365234,-2.200002670288086,-9.25
2022-06-17,-3.3799991607666016,1.0200023651123047,2.499998092651367,-10.30999755859375
2022-06-24,3.8999996185302734,0.9499988555908203,-0.030000686645507812,18.720001220703125
2022-07-01,0.529998779296875,2.0500011444091797,1.8500041961669922,5.829994201660156
2022-07-08,2.0600013732910156,0.42999839782714844,-1.2500019073486328,0.7700042724609375
2022-07-15,0.4099998474121094,-0.4499988555908203,-0.8299999237060547,-4.6300048828125
2022-07-22,1.1999988555908203,-1.0600013732910156,-1.2399978637695312,4.840003967285156
2022-07-29,1.7000007629394531,1.3400020599365234,2.299997329711914,4.239997863769531
2022-08-05,0.18000030517578125,-0.3600006103515625,-1.5,-3.839996337890625
2022-08-12,1.6199989318847656,1.6699981689453125,0.17000198364257812,-6.8800048828125
2022-08-19,-1.0699996948242188,-0.4499988555908203,-0.3299999237060547,1.2400054931640625
2022-08-26,-4.959999084472656,-3.4200000762939453,2.019998550415039,-1.8900070190429688
2022-09-02,0.09000015258789062,0.8500003814697266,0.8299999237060547,2.470001220703125
2022-09-09,2.6799983978271484,-0.07999992370605469,-2.7599964141845703,5.100006103515625
2022-09-16,-3.509998321533203,-2.8600006103515625,-0.8200035095214844,-8.330001831054688
2022-09-23,-3.6200008392333984,-0.5,1.3600006103515625,-9.1300048828125
2022-09-30,-1.7000007629394531,0.6000003814697266,0.9200000762939453,-4.6399993896484375
2022-10-07,0.26000022888183594,0.8799991607666016,-0.11999702453613281,2.8199996948242188
2022-10-14,-0.6599998474121094,1.230001449584961,1.849996566772461,1.4300003051757812
2022-10-21,2.3299999237060547,-0.7700004577636719,-1.4699974060058594,14.620002746582031
2022-10-28,3.940000534057617,-2.9200000762939453,-3.660001754760742,9.199996948242188
2022-11-04,1.2000007629394531,0.2599983215332031,-1.1200027465820312,-1.1199951171875
2022-11-11,2.029998779296875,5.0800018310546875,2.3200035095214844,-6.650001525878906
2022-11-18,-0.6000003814697266,2.559999465942383,4.579999923706055,8.209999084472656
2022-11-25,2.6200008392333984,-0.45999908447265625,-2.220001220703125,-4.819999694824219
2022-12-02,1.4400005340576172,-1.5200023651123047,-3.1400012969970703,0.9300003051757812
2022-12-09,-3.770000457763672,-6.279998779296875,-3.2399978637695312,-5.69000244140625
2022-12-16,0.20999908447265625,5.909999847412109,5.6100006103515625,-1.8899993896484375
2022-12-23,1.75,2.0,0.5400009155273438,10.310005187988281
2022-12-30,-0.7999992370605469,-3.4899978637695312,-2.210002899169922,1.7899932861328125
2023-01-06,0.5400009155273438,-1.5400009155273438,-0.40000152587890625,3.1700057983398438
2023-01-13,2.779998779296875,4.709999084472656,3.2300033569335938,-7.010002136230469
2023-01-20,-1.5,-2.8600006103515625,-1.0200004577636719,-0.1399993896484375
2023-01-27,1.3400001525878906,-3.020000457763672,-3.200000762939453,-2.279998779296875
2023-02-03,0.18000030517578125,2.5800018310546875,1.5999984741210938,-0.18000030517578125
2023-02-10,-2.200000762939453,-1.970001220703125,-1.1099967956542969,-12.139999389648438
2023-02-17,0.5100002288818359,3.780000686645508,4.319997787475586,7.659996032714844
2023-02-24,-1.6499996185302734,-0.779998779296875,1.2000007629394531,2.7099990844726562
2023-03-03,3.1800003051757812,-1.8300018310546875,-3.2900009155273438,9.330001831054688
2023-03-10,-6.309999465942383,-3.690000534057617,-1.8900012969970703,-32.69000244140625
2023-03-17,-0.7100009918212891,1.8800010681152344,-0.7599983215332031,-16.12999725341797
2023-03-24,3.770000457763672,2.9299983978271484,2.309999465942383,25.029998779296875
2023-03-31,3.039999008178711,1.3800010681152344,0.7600021362304688,12.19000244140625
2023-04-07,0.3000011444091797,0.6000003814697266,0.45999717712402344,2.8899993896484375
2023-04-14,1.3299999237060547,1.3600006103515625,0.6399993896484375,0.6299972534179688
2023-04-21,0.2999992370605469,-1.1700010299682617,-2.489996910095215,-12.930000305175781
2023-04-28,0.9900007247924805,-1.4999980926513672,-1.7800025939941406,10.040000915527344
2023-05-05,-1.4100008010864258,1.4299993515014648,1.7700014114379883,-4.900001525878906
2023-05-12,0.15999984741210938,1.1299991607666016,1.0500011444091797,-8.739997863769531
2023-05-19,0.220001220703125,-0.779998779296875,0.01999664306640625,5.7700042724609375
2023-05-26,-1.1400012969970703,-2.5900001525878906,-1.1099967956542969,-2.8000030517578125
2023-06-02,3.3500003814697266,1.9799995422363281,0.31999969482421875,11.409996032714844
2023-06-09,0.7700004577636719,-1.5100011825561523,-1.130000114440918,-3.5399932861328125
2023-06-16,0.28999996185302734,1.7500009536743164,1.5899991989135742,-0.9900054931640625
2023-06-23,0.10000038146972656,-0.15999889373779297,-0.600001335144043,-1.649993896484375
2023-06-30,-0.15000057220458984,-0.7700004577636719,1.230001449584961,9.229995727539062
2023-07-07,-1.239999771118164,0.14999866485595703,0.18999958038330078,-11.379997253417969
2023-07-14,1.489999771118164,-0.4999980926513672,-1.0799999237060547,-0.40000152587890625
2023-07-21,-0.26000022888183594,-0.24000167846679688,-0.4399986267089844,1.529998779296875
2023-07-28,0.2700004577636719,0.7900009155273438,1.2099990844726562,5.980003356933594
2023-08-04,-3.770000457763672,-2.1700000762939453,-0.010000228881835938,-12.25
2023-08-11,2.260000228881836,1.409998893737793,-1.0099992752075195,2.9499969482421875
2023-08-18,-2.4599990844726562,-1.2300004959106445,0.32999706268310547,-0.5999984741210938
2023-08-25,1.6199989318847656,1.2400007247924805,1.040003776550293,12.959999084472656
2023-09-01,2.5900001525878906,1.3500003814697266,0.12999916076660156,1.6699981689453125
2023-09-08,-0.75,-1.5300006866455078,-0.8299999237060547,-2.6199951171875
2023-09-15,0.05000019073486328,-0.2499990463256836,-0.1100015640258789,0.43000030517578125
2023-09-22,-3.410000801086426,-2.9300003051757812,-0.2499980926513672,-5.700004577636719
2023-09-29,-0.31999969482421875,0.7299995422363281,0.529998779296875,-3.55999755859375
2023-10-06,0.06999969482421875,1.1299991607666016,0.5500011444091797,2.9399948120117188
2023-10-13,-1.8699989318847656,-0.6299991607666016,-0.5700016021728516,-16.93999481201172
2023-10-20,-2.3899993896484375,-0.12999916076660156,0.9099979400634766,-7.3300018310546875
2023-10-27,0.4399986267089844,-0.7700004577636719,-1.30999755859375,13.389999389648438
2023-11-03,6.3600006103515625,2.59999942779541,-0.01999950408935547,19.209999084472656
2023-11-10,0.7399997711181641,0.23000144958496094,0.14999961853027344,-2.8300018310546875
2023-11-17,0.36999988555908203,1.4399995803833008,2.0399999618530273,3.8300018310546875
2023-11-24,1.3400001525878906,0.1099996566772461,-1.109999656677246,-1.1699981689453125
2023-12-01,-0.1700000762939453,-1.9099998474121094,-2.049999237060547,-2.9000015258789062
2023-12-08,0.2799997329711914,-0.43000030517578125,-0.5900001525878906,4.790000915527344
2023-12-15,0.07000064849853516,1.3100004196166992,1.2299985885620117,-6.930000305175781
2023-12-22,-0.75,0.1699991226196289,-0.05000019073486328,-0.5800018310546875
2023-12-29,0.5799999237060547,0.16000080108642578,0.46000003814697266,1.660003662109375
2024-01-05,-0.9000005722045898,-0.7899999618530273,0.5100011825561523,4.089996337890625
2024-01-12,0.6500005722045898,0.6199989318847656,0.45999908447265625,-3.1999969482421875
2024-01-19,-0.6000003814697266,-0.9799985885620117,-0.4199991226196289,4.120002746582031
2024-01-26,0.039999961853027344,-1.4800004959106445,-1.0999994277954102,-0.25
2024-02-02,-0.5900001525878906,0.6099996566772461,0.630000114440918,-1.1100006103515625
2024-02-09,0.9200000762939453,0.9000005722045898,0.11999988555908203,1.3699951171875
2024-02-16,-1.3099994659423828,-0.18000030517578125,0.8799991607666016,-0.6899948120117188
2024-02-23,0.48999977111816406,0.039999961853027344,0.2799997329711914,3.7699966430664062
2024-03-01,0.6400003433227539,-0.2199993133544922,-0.8600006103515625,1.1800003051757812
2024-03-08,-1.630000114440918,-1.4400014877319336,-0.9199991226196289,-8.879997253417969
2024-03-15,0.3299999237060547,0.5800008773803711,-0.3000001907348633,-5.6100006103515625
2024-03-22,1.3499994277954102,2.190000534057617,1.710000991821289,15.680000305175781
2024-03-29,0.05000019073486328,0.18999862670898438,0.3099994659423828,-0.0800018310546875
2024-04-05,-3.020000457763672,-2.909998893737793,-0.8499994277954102,-14.010002136230469
2024-04-12,-1.279998779296875,-0.8499994277954102,-0.3300027847290039,-12.139999389648438
2024-04-19,-1.3999996185302734,0.25,0.9500007629394531,3.6300048828125
2024-04-26,3.679999351501465,0.4799995422363281,-0.9200000762939453,19.529998779296875
2024-05-03,1.5399999618530273,1.6700000762939453,0.5900001525878906,4.989997863769531
2024-05-10,0.9399995803833008,-0.43000030517578125,-1.0899982452392578,1.30999755859375
2024-05-17,0.5600004196166992,1.4799995422363281,1.6999988555908203,-5.1699981689453125
2024-05-24,0.05999946594238281,0.6600008010864258,0.18000125885009766,-0.6599960327148438
2024-05-31,-0.9899997711181641,-2.0000009536743164,-1.0000009536743164,0.8199996948242188
2024-06-07,0.6999998092651367,-0.8999996185302734,-1.7999992370605469,1.6199951171875
2024-06-14,-0.4399995803833008,1.760000228881836,1.779998779296875,-7.069999694824219
2024-06-21,-0.5399999618530273,0.36999988555908203,0.7899999618530273,0.410003662109375
2024-06-28,0.7600002288818359,-0.22999954223632812,-0.4500007629394531,3.8299942016601562
2024-07-05,-0.039999961853027344,-0.4400005340576172,-0.020000457763671875,0.6800003051757812
2024-07-12,0.01999950408935547,0.2799997329711914,0.20000171661376953,-2.80999755859375
2024-07-19,-4.060000419616699,-1.6999998092651367,0.840001106262207,-16.31999969482422
2024-07-26,0.13000106811523438,-1.6899995803833008,-2.110001564025879,3.3199996948242188
2024-08-02,-7.0,-0.39999961853027344,1.3999996185302734,-42.19999694824219
2024-08-09,3.019998550415039,1.0900001525878906,-0.6299972534179688,22.18000030517578
2024-08-16,5.570000648498535,3.719998359680176,-0.6800012588500977,11.209999084472656
2024-08-23,-1.0599994659423828,-0.3399982452392578,1.019998550415039,4.1999969482421875
2024-08-30,0.8599996566772461,0.029999732971191406,-0.1699991226196289,5.489997863769531
2024-09-06,-7.379999160766602,-4.05000114440918,0.08999824523925781,-25.599998474121094
2024-09-13,5.819999694824219,3.0000009536743164,-1.7200002670288086,17.45000457763672
2024-09-20,0.4099998474121094,2.260000228881836,2.1200008392333984,7.6100006103515625
2024-09-27,-0.8099994659423828,-1.9399995803833008,-1.5200014114379883,-7.069999694824219
2024-10-04,-2.25,0.3699989318847656,2.6500015258789062,-9.290000915527344
2024-10-11,-1.25,2.270000457763672,4.529998779296875,-3.3600006103515625
2024-10-18,2.4299983978271484,0.36999988555908203,-1.3299970626831055,13.040000915527344
2024-10-25,-2.299999237060547,-4.359999656677246,-3.2600011825561523,-16.550003051757812
2024-11-01,-1.5499992370605469,-4.010000228881836,-2.8500003814697266,-1.6200027465820312
2024-11-08,6.939999580383301,5.299999237060547,1.5799999237060547,31.360000610351562
2024-11-15,-1.1999998092651367,-0.7400007247924805,-0.3000001907348633,-11.169998168945312
2024-11-22,0.8999996185302734,2.8400001525878906,2.0600013732910156,3.8000030517578125
2024-11-29,1.7299995422363281,-0.4699993133544922,-1.8500003814697266,8.80999755859375
2024-12-06,0.7399997711181641,0.5699996948242188,-1.029998779296875,-1.05999755859375
2024-12-13,-1.0399999618530273,0.3100004196166992,0.7300004959106445,-9.120002746582031
2024-12-20,-4.550000190734863,-2.09999942779541,1.0999994277954102,-17.51000213623047
2024-12-27,2.410000801086426,0.6099987030029297,-0.15000152587890625,15.200004577636719
2025-01-03,-0.17999935150146484,-0.05999946594238281,0.15999984741210938,4.4499969482421875
2025-01-10,-3.410001754760742,-1.5600004196166992,-0.3999967575073242,-21.12999725341797
2025-01-17,3.570000648498535,0.9200010299682617,-0.6600027084350586,13.879997253417969
2025-01-24,1.119999885559082,0.6099987030029297,-0.34999847412109375,1.1999969482421875
2025-01-31,-1.5799999237060547,-2.089999198913574,-0.6900014877319336,-1.089996337890625
2025-02-07,-0.1100006103515625,1.3799991607666016,1.200002670288086,0.01000213623046875
2025-02-14,1.7700004577636719,2.2899999618530273,0.3899984359741211,4.589996337890625
2025-02-21,-3.4399986267089844,-3.7699995040893555,-0.23000240325927734,-8.80999755859375
2025-02-28,-1.4200000762939453,-1.1799983978271484,0.26000022888183594,-3.279998779296875
2025-03-07,-3.740001678466797,-2.500001907348633,0.1600017547607422,-6.7400054931640625
2025-03-14,1.6000003814697266,1.6000003814697266,-0.7600002288818359,17.5
2025-03-21,2.489999771118164,1.3700008392333984,0.030000686645507812,10.240005493164062
2025-03-28,-2.3699989318847656,-2.450000762939453,-1.0300025939941406,-14.450004577636719
2025-04-04,-23.660001754760742,-19.779998779296875,-1.8599929809570312,-44.720001220703125
2025-04-11,7.75,11.049999237060547,1.1499977111816406,-0.19000244140625
2025-04-18,7.910001754760742,11.110000610351562,4.409996032714844,31.090003967285156
2025-04-25,4.809999465942383,-0.9699993133544922,-2.6299991607666016,17.31000518798828
2025-05-02,2.1599998474121094,2.049999237060547,0.470001220703125,1.6899948120117188
2025-05-09,0.7800006866455078,-0.2700023651123047,-0.5900020599365234,0.910003662109375
2025-05-16,4.659999847412109,3.220001220703125,0.5,1.4099960327148438
2025-05-23,-5.05000114440918,-2.559999465942383,0.10000419616699219,-14.819999694824219
2025-05-30,3.720001220703125,1.4699993133544922,-1.1300029754638672,14.610000610351562
2025-06-06,1.7999992370605469,1.1800012588500977,0.3000001907348633,5.700004577636719
2025-06-13,-4.049999237060547,-2.4600000381469727,0.43999767303466797,-23.920005798339844
2025-06-20,0.1999988555908203,0.7999992370605469,0.6800041198730469,4.510002136230469
2025-06-27,4.30000114440918,2.4800004959106445,-0.060004234313964844,17.020004272460938
2025-07-04,-0.05999946594238281,-0.2800016403198242,0.32000064849853516,1.2399978637695312
2025-07-11,-0.020000457763671875,-0.019997596740722656,-0.3000001907348633,-2.9300003051757812
2025-07-18,-0.010000228881835938,0.5399990081787109,0.1400012969970703,0.37999725341796875
2025-07-25,1.4799995422363281,-1.390000343322754,-1.8299989700317383,2.5600051879882812
2025-08-01,-5.44999885559082,-3.780000686645508,1.2799968719482422,-19.20000457763672
2025-08-08,5.229999542236328,4.130002021789551,-1.2499990463256836,16.650001525878906
2025-08-15,0.05999946594238281,-0.4700021743774414,-0.4699983596801758,-4.709999084472656
2025-08-22,0.869999885559082,0.5400009155273438,0.5599994659423828,8.069999694824219
2025-08-29,-1.1399993896484375,-0.2799997329711914,0.8199987411499023,-7.3899993896484375
2025-09-05,0.17999935150146484,0.13000011444091797,-0.3699979782104492,4.1100006103515625
2025-09-12,0.4200000762939453,-0.5500011444091797,-0.6700000762939453,-3.720001220703125
2025-09-19,-0.6899995803833008,0.8600006103515625,1.3999996185302734,-0.12000274658203125
2025-09-26,0.15999984741210938,0.06999969482421875,-0.1100006103515625,3.5
2025-10-03,-1.359999656677246,-0.5299997329711914,0.8499994277954102,-1.3899993896484375
2025-10-10,-5.010000228881836,-4.500000953674316,-1.9399995803833008,-21.459999084472656
2025-10-17,0.8799991607666016,1.180002212524414,0.8600025177001953,0.6200027465820312
2025-10-24,4.409999847412109,2.059999465942383,-0.9800014495849609,17.599998474121094
2025-10-31,-1.0699996948242188,1.4299993515014648,0.9900007247924805,-6.430000305175781
2025-11-07,-1.6399993896484375,-1.899998664855957,-0.02000141143798828,0.8600006103515625
2025-11-14,-0.75,-0.9100017547607422,-0.1900005340576172,-4.349998474121094
2025-11-21,-3.6000003814697266,-0.5200004577636719,1.9200019836425781,-10.389999389648438
2025-11-28,7.079999923706055,3.580000877380371,-1.9399995803833008,28.0
2025-12-05,0.9400005340576172,-0.659998893737793,-1.800002098083496,-0.31000518798828125
2025-12-12,-0.3299999237060547,0.39999961853027344,1.1000003814697266,-6.680000305175781
2025-12-19,0.8299999237060547,1.989999771118164,2.3299999237060547,13.459999084472656
2025-12-26,1.3099994659423828,0.3600006103515625,-1.2999992370605469,-0.3699951171875
2026-01-02,-0.9099998474121094,-1.8200006484985352,-0.5000009536743164,-5.8600006103515625
2026-01-09,0.020000457763671875,0.7199993133544922,0.9600009918212891,1.9099960327148438
2026-01-16,-1.369999885559082,-0.11999988555908203,0.39999866485595703,-13.860000610351562
2026-01-23,-0.23000049591064453,-2.75,-2.6099987030029297,0.220001220703125
2026-01-30,-1.3500003814697266,0.23000049591064453,1.090001106262207,-6.349998474121094
2026-02-06,-2.9300003051757812,0.5600004196166992,5.819998741149902,7.19000244140625
2026-02-13,-0.22999954223632812,-1.5400009155273438,-4.680000305175781,-14.529998779296875
2026-02-20,1.510000228881836,-0.3299999237060547,-1.1900005340576172,6.80999755859375
2026-02-27,-0.7700004577636719,-0.10000038146972656,0.5000019073486328,-2.1800003051757812
2026-03-06,-9.629999160766602,-5.850000381469727,1.4099979400634766,-29.550003051757812
2026-03-13,2.299999237060547,2.160001754760742,-1.8799991607666016,9.389999389648438
2026-03-20,0.4099998474121094,1.1999988555908203,0.07999992370605469,4.7700042724609375
2026-03-27,-4.269998550415039,-1.8499984741210938,3.009998321533203,-6.899993896484375
2026-04-03,7.179998397827148,4.379999160766602,-0.8799953460693359,17.849990844726562
2026-04-10,4.64000129699707,2.489999771118164,-1.0700054168701172,8.029998779296875
2026-04-17,1.75,0.19999980926513672,-0.5999994277954102,12.170005798339844
2026-04-24,-1.2299995422363281,-1.109999656677246,-0.22999858856201172,-2.0500030517578125
2026-05-01,1.7199993133544922,1.6300010681152344,0.049999237060546875,2.0100021362304688
2026-05-08,-0.20000076293945312,0.06999874114990234,0.21000194549560547,-1.6100006103515625
2026-05-15,-1.239999771118164,-1.3000001907348633,-0.5400018692016602,3.839996337890625
2026-05-22,1.7299995422363281,0.970001220703125,0.17000198364257812,1.779998779296875
2026-05-29,1.3800010681152344,0.10999870300292969,0.08999824523925781,5.100006103515625
2026-06-05,-6.190000534057617,-8.170000076293945,-2.1099987030029297,-15.980003356933594
2026-06-12,3.8299999237060547,5.350000381469727,0.3099994659423828,8.220001220703125
2026-06-19,1.2800006866455078,2.3899993896484375,1.7099990844726562,5.3899993896484375
2026-06-26,-2.010000228881836,-2.309999465942383,0.5900020599365234,-0.589996337890625
2026-07-03,2.260000228881836,3.340001106262207,0.9999971389770508,0.21999359130859375
2026-07-10,1.119999885559082,0.7499990463256836,-0.5499982833862305,1.5200042724609375
2026-07-17,-3.7400007247924805,-3.729999542236328,-0.1900005340576172,-17.590003967285156
