entry_idx,entry_date,regime,picks,weights,initial_capital,nav,status,exit_date,exit_nav,return_pct
0,2003-09-30,recovery,"CSX,NVDA,GLW","0.333,0.333,0.333",1.0,1.292691292090472,exited,2004-03-31,1.292691292090472,29.269129209047207
1,2003-10-31,recovery,"MO,XEL,AES","0.333,0.333,0.333",1.0,1.0872098165363095,exited,2004-04-30,1.0872098165363095,8.720981653630954
2,2003-11-28,recovery,"XEL,HAS,WMB","0.333,0.333,0.333",1.0,1.0710908827195478,exited,2004-05-31,1.0710908827195478,7.109088271954778
3,2003-12-31,recovery,"MO,OXY,CFC","0.333,0.333,0.333",1.0,1.1622213860400807,exited,2004-06-30,1.1622213860400807,16.222138604008073
4,2004-01-30,recovery,"CSX,CMS,ATI","0.333,0.333,0.333",1.0,1.3918019675265478,exited,2004-07-30,1.3918019675265478,39.18019675265478
5,2004-02-27,recovery,"CMS,NVDA,CFC","0.400,0.328,0.272",1.0,0.776014868874684,exited,2004-08-31,0.776014868874684,-22.398513112531603
6,2004-03-31,recovery,"AAPL,MO,CFC","0.400,0.400,0.200",2.2926912920904723,2.4789026723764054,exited,2004-09-30,2.4789026723764054,8.121956101475213
7,2004-04-30,recovery,"NVDA,AAPL,LPX","0.200,0.400,0.400",2.0872098165363093,2.8618159488781654,exited,2004-10-29,2.8618159488781654,37.112039537419506
8,2004-05-31,recovery,"OXY,AAPL,CFC","0.400,0.400,0.200",2.071090882719548,3.5640998411821245,exited,2004-11-30,3.5640998411821245,72.08804649374476
9,2004-06-30,recovery,"AAPL,TJX,BBBY","0.400,0.400,0.200",2.1622213860400805,3.375104599373814,exited,2004-12-31,3.375104599373814,56.094312134939294
10,2004-07-30,normal,"AAPL,GLW,BBBY","0.400,0.395,0.205",2.391801967526548,3.836133204544374,exited,2005-01-31,3.836133204544374,60.38674006575315
11,2004-08-31,normal,"AAPL,SBUX,ATI","0.400,0.400,0.200",1.776014868874684,3.1634526721482645,exited,2005-02-28,3.1634526721482645,78.12084389545045
12,2004-09-30,recovery,"AAPL,VLO,ATI","0.400,0.400,0.200",3.4789026723764054,6.4610076080475825,exited,2005-03-31,6.4610076080475825,85.71970004651293
13,2004-10-29,recovery,"AAPL,SRE,BBBY","0.400,0.400,0.200",3.8618159488781654,4.510680061715093,exited,2005-04-29,4.510680061715093,16.802046535268445
14,2004-11-30,recovery,"NEE,FE,BBBY","0.400,0.400,0.200",4.5640998411821245,4.568480411144357,exited,2005-05-31,4.568480411144357,0.09597883733187818
15,2004-12-31,recovery,"VFC,ASH,BBBY","0.400,0.400,0.200",4.375104599373814,4.444829993844564,exited,2005-06-30,4.444829993844564,1.5936851996802393
16,2005-01-31,recovery,"CSX,AAPL,BBBY","0.400,0.388,0.212",4.836133204544375,5.141311024967141,exited,2005-07-29,5.141311024967141,6.31036837728125
17,2005-02-28,recovery,"NVDA,CSX,AAPL","0.234,0.400,0.366",4.1634526721482645,4.398571665217975,exited,2005-08-31,4.398571665217975,5.647211859583701
18,2005-03-31,recovery,"CSX,WEN,AAPL","0.400,0.369,0.231",7.4610076080475825,8.841387890503015,exited,2005-09-30,8.841387890503015,18.50125820762505
19,2005-04-29,recovery,"CSX,NEE,AAPL","0.400,0.400,0.200",5.510680061715093,6.646449259021301,exited,2005-10-31,6.646449259021301,20.610327302375108
20,2005-05-31,recovery,"EXC,PEG,AAPL","0.400,0.400,0.200",5.568480411144357,6.969792305787686,exited,2005-11-30,6.969792305787686,25.16506822649216
21,2005-06-30,recovery,"AAPL,CSX,HUM","0.250,0.400,0.350",5.444829993844564,7.85914902390739,exited,2005-12-30,7.85914902390739,44.34149519438142
22,2005-07-29,recovery,"CSX,CMS,NVDA","0.400,0.400,0.200",6.141311024967141,7.179257057069947,exited,2006-01-31,7.179257057069947,16.90104975766733
23,2005-08-31,recovery,"CSX,CMS,VLO","0.400,0.400,0.200",5.398571665217975,5.711919280307116,exited,2006-02-28,5.711919280307116,5.804268879266394
24,2005-09-30,recovery,"CL,PEG,VLO","0.399,0.400,0.201",9.841387890503015,10.363922674612414,exited,2006-03-31,10.363922674612414,5.309563955035745
25,2005-10-31,recovery,"NEE,PEG,VLO","0.400,0.400,0.200",7.646449259021301,7.841249557540782,exited,2006-04-28,7.841249557540782,2.5475915934399795
26,2005-11-30,recovery,"CSX,PEG,VLO","0.400,0.400,0.200",7.969792305787686,9.727890627050316,exited,2006-05-31,9.727890627050316,22.059524938760244
27,2005-12-30,recovery,"CSX,NEE,VLO","0.400,0.400,0.200",8.85914902390739,10.81033363585658,exited,2006-06-30,10.81033363585658,22.024515071184638
28,2006-01-31,recovery,"NVDA,CSX,EOG","0.240,0.400,0.360",8.179257057069947,8.236900266514725,exited,2006-07-31,8.236900266514725,0.7047487203615033
29,2006-02-28,recovery,"WMB,NVDA,AMD","0.400,0.303,0.297",6.711919280307116,6.893259761150375,exited,2006-08-31,6.893259761150375,2.701767903784469
30,2006-03-31,recovery,"NVDA,PEG,VIAV","0.353,0.400,0.247",11.363922674612414,10.028470426562718,exited,2006-09-29,10.028470426562718,-11.751683694866788
31,2006-04-28,recovery,"NVDA,CSX,VIAV","0.382,0.400,0.218",8.841249557540781,8.72869643096055,exited,2006-10-31,8.72869643096055,-1.2730454654368728
32,2006-05-31,recovery,"NVDA,CSX,ATI","0.373,0.400,0.227",10.727890627050316,14.489050627462081,exited,2006-11-30,14.489050627462081,35.059641556449336
33,2006-06-30,recovery,"NVDA,CSX,ATI","0.345,0.400,0.255",11.81033363585658,15.66951317088856,exited,2006-12-29,15.66951317088856,32.67629564092396
34,2006-07-31,recovery,"AMZN,CSX,ATI","0.311,0.400,0.289",9.236900266514725,12.856741246955146,exited,2007-01-31,12.856741246955146,39.188914852344304
35,2006-08-31,recovery,"CSX,MO,ATI","0.400,0.400,0.200",7.893259761150375,10.019957261475849,exited,2007-02-28,10.019957261475849,26.943209328962013
36,2006-09-29,recovery,"NVDA,HPQ,ATI","0.315,0.400,0.285",11.028470426562718,13.62134401649113,exited,2007-03-30,13.62134401649113,23.510727142028
37,2006-10-31,recovery,"NVDA,HPQ,ATI","0.314,0.400,0.286",9.72869643096055,11.00207535994469,exited,2007-04-30,11.00207535994469,13.088895701707237
38,2006-11-30,recovery,"NVDA,T,ATI","0.315,0.400,0.285",15.489050627462081,18.01926344234593,exited,2007-05-31,18.01926344234593,16.335493218659792
39,2006-12-29,recovery,"CSX,T,ATI","0.400,0.400,0.200",16.66951317088856,20.56939497869382,exited,2007-06-29,20.56939497869382,23.395295158445094
40,2007-01-31,recovery,"NVDA,CFC,ATI","0.337,0.359,0.304",13.856741246955146,11.24650359947106,exited,2007-07-31,11.24650359947106,-18.837312474588163
41,2007-02-28,recovery,"NVDA,CMCSA,ATI","0.267,0.400,0.333",11.019957261475849,12.883953448819131,exited,2007-08-31,12.883953448819131,16.914731546732398
42,2007-03-30,recovery,"NVDA,T,CFC","0.298,0.400,0.302",14.62134401649113,14.652121198086421,exited,2007-09-28,14.652121198086421,0.21049488720445986
43,2007-04-30,recovery,"NVDA,AMZN,MAT","0.281,0.319,0.400",12.00207535994469,14.535795221586039,exited,2007-10-31,14.535795221586039,21.110681158504452
44,2007-05-31,recovery,"AMZN,MAT,HAS","0.200,0.400,0.400",19.01926344234593,17.237733340092472,exited,2007-11-30,17.237733340092472,-9.366977368255625
45,2007-06-29,recovery,"AMZN,NVDA,AAPL","0.238,0.362,0.400",21.56939497869382,30.570174216471173,exited,2007-12-31,30.570174216471173,41.72940060056527
46,2007-07-31,recovery,"NVDA,AMZN,AAPL","0.361,0.239,0.400",12.24650359947106,11.479561123407496,exited,2008-01-31,11.479561123407496,-6.262542364309509
47,2007-08-31,recovery,"NVDA,AMZN,CMI","0.329,0.271,0.400",13.883953448819131,10.635750530192913,exited,2008-02-29,10.635750530192913,-23.39537459989457
48,2007-09-28,recovery,"NVDA,AMZN,NOV","0.360,0.240,0.400",15.652121198086421,11.00069917098563,exited,2008-03-31,11.00069917098563,-29.71751859210916
49,2007-10-31,recovery,"AMZN,JCI,BBBY","0.333,0.299,0.369",15.535795221586039,12.66853471803925,exited,2008-04-30,12.66853471803925,-18.455833529286647
50,2007-11-30,recovery,"NVDA,AMZN,NOV","0.371,0.229,0.400",18.237733340092472,17.964348892952472,exited,2008-05-30,17.964348892952472,-1.4990045201451196
51,2007-12-31,normal,"AMZN,NVDA,NOV","0.240,0.360,0.400",31.570174216471173,27.474135881666797,exited,2008-06-30,27.474135881666797,-12.97439256026449
52,2008-01-31,normal,"MBI,MTG,AMZN","0.345,0.313,0.342",12.479561123407496,7.192745768690715,exited,2008-07-31,7.192745768690715,-42.36379230356489
53,2008-02-29,normal,"MBI,MTG,CNX","0.317,0.283,0.400",11.635750530192913,10.638215656964892,exited,2008-08-29,10.638215656964892,-8.573017018881401
54,2008-03-31,normal,"MBI,MTG,CNX","0.318,0.282,0.400",12.00069917098563,9.169618202324662,exited,2008-09-30,9.169618202324662,-23.590966895543374
55,2008-04-30,normal,"MBI,FHN,RRC","0.257,0.343,0.400",13.66853471803925,12.240922686371562,exited,2008-10-31,12.240922686371562,-10.44451406911654
56,2008-05-30,normal,"MBI,MTG,CFC","0.400,0.400,0.200",18.964348892952472,10.264454879542253,exited,2008-11-28,10.264454879542253,-45.87499450953084
57,2008-06-30,normal,"MTG,MBI,CNX","0.260,0.340,0.400",28.474135881666797,16.100514775815075,exited,2008-12-31,16.100514775815075,-43.4556509713734
58,2008-07-31,normal,"FMCC,MTG,CNX","0.380,0.220,0.400",8.192745768690715,2.2100859220110967,exited,2009-01-30,2.2100859220110967,-73.02386788984553
59,2008-08-29,normal,"FMCC,FNMA,CF","0.286,0.314,0.400",11.638215656964892,2.5039943211414726,exited,2009-02-27,2.5039943211414726,-78.48472313156564
63,2008-12-31,normal,"MBI,GNW,BBT","0.200,0.400,0.400",51.775510544053546,76.22971017027142,exited,2009-06-30,76.22971017027142,47.23120905859701
66,2009-03-31,normal,"GNW,TGNA,AZO","0.200,0.400,0.400",7.714080243152569,30.234108414858223,exited,2009-09-30,30.234108414858223,291.9340668214547
67,2009-04-30,normal,"GNW,FITB,AZO","0.240,0.360,0.400",1.0,2.19084995841375,exited,2009-10-30,2.19084995841375,119.08499584137502
68,2009-05-29,recovery,"RF,GNW,ORLY","0.400,0.200,0.400",1.0,1.3544877994030016,exited,2009-11-30,1.3544877994030016,35.448779940300156
69,2009-06-30,recovery,"MTW,F,AN","0.346,0.254,0.400",77.22971017027142,117.20087696432438,exited,2009-12-31,117.20087696432438,51.75620458231287
70,2009-07-31,recovery,"KIM,HBAN,AN","0.320,0.280,0.400",1.0,1.0937418387681943,exited,2010-01-29,1.0937418387681943,9.37418387681943
71,2009-08-31,recovery,"HBAN,FITB,F","0.365,0.346,0.289",1.0,1.2193783614004774,exited,2010-02-26,1.2193783614004774,21.93783614004774
72,2009-09-30,recovery,"HBAN,FITB,F","0.364,0.346,0.290",31.234108414858223,43.31182401206888,exited,2010-03-31,43.31182401206888,38.66835395712857
73,2009-10-30,recovery,"HBAN,BAC,GNW","0.396,0.384,0.220",3.19084995841375,4.8400105211626006,exited,2010-04-30,4.8400105211626006,51.684052344745425
74,2009-11-30,recovery,"HBAN,FITB,GNW","0.393,0.381,0.227",2.3544877994030013,3.4245722881533442,exited,2010-05-31,3.4245722881533442,45.44871666022949
75,2009-12-31,recovery,"FITB,HBAN,GNW","0.372,0.382,0.246",118.20087696432438,157.6228599501926,exited,2010-06-30,157.6228599501926,33.35168401311155
76,2010-01-29,recovery,"NVDA,LNC,F","0.400,0.318,0.282",2.093741838768194,1.8996886158680903,exited,2010-07-30,1.8996886158680903,-9.268249757776758
77,2010-02-26,recovery,"NVDA,RF,GNW","0.400,0.400,0.200",2.2193783614004774,1.6594970400580786,exited,2010-08-31,1.6594970400580786,-25.226943322503203
78,2010-03-31,recovery,"CAG,NVDA,GNW","0.400,0.400,0.200",44.31182401206888,33.540068891193705,exited,2010-09-30,33.540068891193705,-24.308986057403903
79,2010-04-30,recovery,"PFG,HBAN,GNW","0.346,0.400,0.254",5.8400105211626006,4.830453401258993,exited,2010-10-29,4.830453401258993,-17.28690584109822
81,2010-06-30,normal,"NVDA,HBAN,TGNA","0.397,0.400,0.203",163.04743223834595,215.9002694980408,exited,2010-12-31,215.9002694980408,32.41562073938922
82,2010-07-30,normal,"HBAN,KDP,AKAM","0.242,0.400,0.358",2.89968861586809,3.255047866155492,exited,2011-01-31,3.255047866155492,12.255083126607257
83,2010-08-31,normal,"NVDA,HST,CLF","0.307,0.400,0.293",2.6594970400580786,4.708567929029726,exited,2011-02-28,4.708567929029726,77.04730849886188
84,2010-09-30,recovery,"HST,NVDA,AKAM","0.353,0.247,0.400",34.540068891193705,38.76302208584498,exited,2011-03-31,38.76302208584498,12.226244272859432
85,2010-10-29,recovery,"HST,AMZN,AKAM","0.313,0.287,0.400",5.830453401258993,5.578163633917907,exited,2011-04-29,5.578163633917907,-4.327103742679905
86,2010-11-30,recovery,"AMZN,ORLY,AKAM","0.268,0.400,0.332",1.0,0.9151819963777869,exited,2011-05-31,0.9151819963777869,-8.481800362221314
87,2010-12-31,recovery,"NFLX,JBL,FFIV","0.357,0.243,0.400",216.9002694980408,242.31843726913684,exited,2011-06-30,242.31843726913684,11.718827196443682
88,2011-01-31,recovery,"NVDA,ORLY,NFLX","0.296,0.400,0.304",4.255047866155492,4.114126920925858,exited,2011-07-29,4.114126920925858,-3.3118533483609935
89,2011-02-28,recovery,"GME,NFLX,TMUS","0.315,0.285,0.400",5.708567929029726,5.770721069100903,exited,2011-08-31,5.770721069100903,1.0887693874169324
90,2011-03-31,recovery,"BBY,ZION,NFLX","0.353,0.315,0.332",39.76302208584498,25.498190545357996,exited,2011-09-30,25.498190545357996,-35.87461614383943
91,2011-04-29,recovery,"RF,NI,BKNG","0.305,0.400,0.295",6.578163633917907,5.927562852243609,exited,2011-10-31,5.927562852243609,-9.890310090793598
92,2011-05-31,recovery,"ORLY,KDP,BKNG","0.400,0.400,0.200",1.915181996377787,2.034033088520536,exited,2011-11-30,2.034033088520536,6.205733573495054
93,2011-06-30,recovery,"NVDA,CMG,BKNG","0.216,0.394,0.389",243.31843726913684,237.22755560315142,exited,2011-12-30,237.22755560315142,-2.5032552955484566
94,2011-07-29,recovery,"CMG,F,NFLX","0.362,0.354,0.284",5.114126920925858,4.595955640297158,exited,2012-01-31,4.595955640297158,-10.132155275780486
95,2011-08-31,normal,"KDP,NI,CMG","0.400,0.400,0.200",6.770721069100903,7.50756735995861,exited,2012-02-29,7.50756735995861,10.882833354639354
97,2011-10-31,normal,"MU,GNW,VFC","0.224,0.376,0.400",33.4257533976016,35.48828167999612,exited,2012-04-30,35.48828167999612,6.170476571943206
98,2011-11-30,normal,"NFLX,TLAB,BIIB","0.219,0.400,0.381",3.034033088520536,3.0838726105074654,exited,2012-05-31,3.0838726105074654,1.642682216469571
99,2011-12-30,recovery,"NFLX,NVDA,BIIB","0.298,0.302,0.400",238.22755560315142,266.65883718835096,exited,2012-06-29,266.65883718835096,11.934505860674438
100,2012-01-31,recovery,"PHM,BBBY,BIIB","0.259,0.400,0.341",5.595955640297158,7.209241272861794,exited,2012-07-31,7.209241272861794,28.82949287423169
101,2012-02-29,recovery,"BBBY,NVDA,BIIB","0.400,0.311,0.289",8.50756735995861,10.21734980292688,exited,2012-08-31,10.21734980292688,20.097195480525553
102,2012-03-30,recovery,"NI,BBBY,AAPL","0.400,0.300,0.300",1.0,1.353729391762855,exited,2012-09-28,1.353729391762855,35.3729391762855
103,2012-04-30,recovery,"NFLX,NVDA,AAPL","0.200,0.400,0.400",36.48828167999612,35.57288020978359,exited,2012-10-31,35.57288020978359,-2.5087546688020046
104,2012-05-31,recovery,"NFLX,APH,ORLY","0.200,0.400,0.400",4.083872610507465,4.560313518425147,exited,2012-11-30,4.560313518425147,11.666399845378095
105,2012-06-29,recovery,"NFLX,ORLY,MNST","0.200,0.400,0.400",267.65883718835096,265.83266325114334,exited,2012-12-31,265.83266325114334,-0.6822767207654512
106,2012-07-31,recovery,"MU,CBRE,PHM","0.396,0.304,0.300",8.209241272861794,11.921550017898138,exited,2013-01-31,11.921550017898138,45.22109439405244
107,2012-08-31,recovery,"LRCX,NFLX,PHM","0.400,0.213,0.387",11.21734980292688,19.15758548543459,exited,2013-02-28,19.15758548543459,70.78530866921804
108,2012-09-28,recovery,"LYB,DHI,PHM","0.262,0.400,0.338",2.353729391762855,2.9682752178624856,exited,2013-03-28,2.9682752178624856,26.109451165044884
109,2012-10-31,recovery,"AMD,STZ,PHM","0.288,0.312,0.400",36.57288020978359,48.084120751253096,exited,2013-04-30,48.084120751253096,31.474799018946676
110,2012-11-30,recovery,"VLO,AMD,PHM","0.373,0.227,0.400",5.560313518425147,8.027079470492131,exited,2013-05-31,8.027079470492131,44.36379250725504
111,2012-12-31,recovery,"AMD,NFLX,PHM","0.373,0.227,0.400",266.83266325114334,418.29290108540704,exited,2013-06-28,418.29290108540704,56.76225541087865
112,2013-01-31,recovery,"MKC,NFLX,BBBY","0.400,0.223,0.377",12.921550017898138,22.561435973730887,exited,2013-07-31,22.561435973730887,74.60317022710257
113,2013-02-28,recovery,"OKE,HRL,BBBY","0.400,0.400,0.200",20.15758548543459,28.08645667873231,exited,2013-08-30,28.08645667873231,39.33442921041779
114,2013-03-28,recovery,"KDP,NFLX,PHM","0.400,0.200,0.400",3.9682752178624856,4.134743100220909,exited,2013-09-30,4.134743100220909,4.194968171791569
115,2013-04-30,recovery,"HRL,NFLX,STZ","0.400,0.216,0.384",49.084120751253096,61.54336279531354,exited,2013-10-31,61.54336279531354,25.38344754549233
116,2013-05-31,recovery,"NVDA,GME,FSLR","0.400,0.393,0.207",9.027079470492131,11.167772425817233,exited,2013-11-29,11.167772425817233,23.714125507841555
117,2013-06-28,recovery,"CSX,NFLX,BBBY","0.400,0.288,0.312",419.29290108540704,563.3809454915117,exited,2013-12-31,563.3809454915117,34.364532295469274
118,2013-07-31,recovery,"AMD,CSX,NFLX","0.336,0.400,0.264",23.561435973730887,27.933195983353112,exited,2014-01-31,27.933195983353112,18.554726522171183
119,2013-08-30,recovery,"AMD,ABT,NFLX","0.340,0.400,0.260",29.08645667873231,37.07560140831102,exited,2014-02-28,37.07560140831102,27.466888861097626
120,2013-09-30,recovery,"MNST,CSX,NFLX","0.400,0.400,0.200",5.134743100220909,6.230132681185266,exited,2014-03-31,6.230132681185266,21.332899418419405
121,2013-10-31,recovery,"MNST,ORLY,NFLX","0.400,0.400,0.200",62.54336279531354,71.75537597345848,exited,2014-04-30,71.75537597345848,14.729002033826056
122,2013-11-29,recovery,"ORLY,D,NFLX","0.400,0.400,0.200",12.167772425817233,13.834668380719554,exited,2014-05-30,13.834668380719554,13.699269649106416
123,2013-12-31,recovery,"MNST,NEE,NFLX","0.400,0.400,0.200",564.3809454915117,645.4532082884028,exited,2014-06-30,645.4532082884028,14.364812179526432
124,2014-01-31,recovery,"NFLX,NVDA,MU","0.218,0.400,0.382",28.933195983353112,34.154431083525814,exited,2014-07-31,34.154431083525814,18.045829099477185
125,2014-02-28,recovery,"NVDA,NFLX,MU","0.400,0.375,0.225",38.07560140831102,43.07128566055295,exited,2014-08-29,43.07128566055295,13.120434260958213
126,2014-03-31,recovery,"DAL,NFLX,MU","0.365,0.400,0.235",7.230132681185266,8.923421025033168,exited,2014-09-30,8.923421025033168,23.419879254142728
127,2014-04-30,recovery,"ORLY,NFLX,MU","0.400,0.320,0.280",72.75537597345848,88.51555778348559,exited,2014-10-31,88.51555778348559,21.661879413249817
128,2014-05-30,recovery,"KDP,AVGO,MU","0.400,0.364,0.236",14.834668380719554,19.28929538117297,exited,2014-11-30,19.28929538117297,30.02849060140125
129,2014-06-30,recovery,"NFLX,NVDA,MU","0.265,0.400,0.335",646.4532082884028,644.3955526304583,exited,2014-12-31,644.3955526304583,-0.3182992413932939
130,2014-07-31,recovery,"NVDA,NFLX,MU","0.400,0.261,0.339",35.154431083525814,36.53255952551753,exited,2015-01-31,36.53255952551753,3.9202126147833916
131,2014-08-29,recovery,"NFLX,MNST,LUV","0.226,0.374,0.400",44.07128566055295,59.993714441804926,exited,2015-02-28,59.993714441804926,36.12880482745644
132,2014-09-30,recovery,"LUV,NFLX,URI","0.400,0.200,0.400",9.923421025033168,10.426889369798126,exited,2015-03-31,10.426889369798126,5.073536066794815
133,2014-10-31,recovery,"MU,GME,LUV","0.364,0.236,0.400",89.51555778348559,90.51757540146721,exited,2015-04-30,90.51757540146721,1.1193781760319599
134,2014-11-30,recovery,"COL,NVDA,LUV","0.200,0.400,0.400",20.28929538117297,19.951528004188827,exited,2015-05-29,19.951528004188827,-1.6647565656595753
135,2014-12-31,recovery,"BBBY,GNW,EW","0.275,0.325,0.400",645.3955526304583,640.9735533063497,exited,2015-06-30,640.9735533063497,-0.6851611087318021
136,2015-01-31,recovery,"CSX,AMAT,VRTX","0.400,0.359,0.241",37.53255952551753,36.766440765474066,exited,2015-07-31,36.766440765474066,-2.0412110704109976
137,2015-02-28,recovery,"NVDA,COL,LUV","0.400,0.200,0.400",60.993714441804926,55.97572923904896,exited,2015-08-31,55.97572923904896,-8.227052981899806
138,2015-03-31,recovery,"COL,NVDA,SWKS","0.200,0.400,0.400",11.426889369798126,10.875947695129813,exited,2015-09-30,10.875947695129813,-4.82144927493986
139,2015-04-30,recovery,"NVDA,AVGO,MNST","0.400,0.362,0.238",91.51757540146721,103.8562706267746,exited,2015-10-30,103.8562706267746,13.482323117915085
140,2015-05-29,recovery,"NFLX,NVDA,SWKS","0.200,0.400,0.400",20.951528004188827,24.283075164550926,exited,2015-11-30,24.283075164550926,15.901213313396646
141,2015-06-30,recovery,"NFLX,NVDA,SWKS","0.200,0.400,0.400",641.9735533063497,770.6743804987135,exited,2015-12-31,770.6743804987135,20.0476836669544
142,2015-07-31,recovery,"NFLX,COL,EA","0.368,0.232,0.400",37.766440765474066,30.239920894468554,exited,2016-01-29,30.239920894468554,-19.929121512256
143,2015-08-31,normal,"COL,TGNA,NFLX","0.309,0.400,0.291",56.97572923904896,46.09200874715026,exited,2016-02-29,46.09200874715026,-19.10238032449687
144,2015-09-30,normal,"NFLX,GME,AMZN","0.229,0.400,0.371",11.875947695129813,11.529143755140268,exited,2016-03-31,11.529143755140268,-2.9202211805948397
145,2015-10-30,recovery,"NVDA,GNW,NFLX","0.400,0.310,0.290",104.8562706267746,101.90176925270012,exited,2016-04-29,101.90176925270012,-2.817667800327106
146,2015-11-30,recovery,"NVDA,COL,NFLX","0.400,0.304,0.296",25.283075164550926,24.480131801818914,exited,2016-05-31,24.480131801818914,-3.1758136915947976
147,2015-12-31,normal,"NVDA,M,NFLX","0.382,0.386,0.232",771.6743804987135,857.0938666875352,exited,2016-06-30,857.0938666875352,11.069369198653089
148,2016-01-29,normal,"NVDA,FCX,AMZN","0.400,0.200,0.400",31.239920894468554,58.21068886754458,exited,2016-07-29,58.21068886754458,86.3343030354842
149,2016-02-29,normal,"NVDA,MU,AMZN","0.381,0.291,0.328",47.09200874715026,77.94163014182861,exited,2016-08-31,77.94163014182861,65.50924926629975
150,2016-03-31,recovery,"COL,NVDA,TSN","0.257,0.349,0.394",12.529143755140268,16.232270138231893,exited,2016-09-30,16.232270138231893,29.556101003090184
151,2016-04-29,recovery,"NVDA,COL,TSN","0.329,0.271,0.400",102.90176925270012,123.589233973404,exited,2016-10-31,123.589233973404,20.1040904067459
152,2016-05-31,recovery,"NVDA,COL,TSN","0.363,0.237,0.400",25.480131801818914,32.25583482747115,exited,2016-11-30,32.25583482747115,26.592103519529473
153,2016-06-30,recovery,"COL,NVDA,AMZN","0.259,0.356,0.385",858.0938666875352,1189.2560084979668,exited,2016-12-30,1189.2560084979668,38.592764109689234
154,2016-07-29,recovery,"NVDA,COL,NEM","0.400,0.311,0.289",59.21068886754458,71.78487582106715,exited,2017-01-31,71.78487582106715,21.236346332080778
155,2016-08-31,recovery,"NVDA,AVGO,NEM","0.336,0.400,0.264",78.94163014182861,100.66373502345122,exited,2017-02-28,100.66373502345122,27.516666228701013
156,2016-09-30,recovery,"NVDA,MNST,NEM","0.348,0.400,0.252",17.232270138231893,19.698452208700473,exited,2017-03-31,19.698452208700473,14.311417188133868
157,2016-10-31,recovery,"NVDA,COL,NEM","0.400,0.285,0.315",124.589233973404,139.224037789191,exited,2017-04-28,139.224037789191,11.746443371592651
158,2016-11-30,recovery,"NVDA,LKQ,OKE","0.331,0.400,0.269",33.25583482747115,38.27450146428538,exited,2017-05-31,38.27450146428538,15.091086008968668
159,2016-12-30,recovery,"NVDA,COL,FCX","0.400,0.365,0.235",1190.2560084979668,1247.2943264566254,exited,2017-06-30,1247.2943264566254,4.792105022064752
160,2017-01-31,recovery,"NVDA,NAVI,OKE","0.329,0.272,0.398",72.78487582106715,85.63458190279822,exited,2017-07-31,85.63458190279822,17.65436285598745
161,2017-02-28,recovery,"NVDA,COL,MU","0.386,0.214,0.400",101.66373502345122,137.29555058505593,exited,2017-08-31,137.29555058505593,35.04869809611595
162,2017-03-31,recovery,"NVDA,KDP,AMD","0.341,0.400,0.259",20.698452208700473,23.86104492586456,exited,2017-09-29,23.86104492586456,15.279368163744689
163,2017-04-28,recovery,"COL,NVDA,AMD","0.274,0.400,0.326",140.224037789191,178.40900243034787,exited,2017-10-31,178.40900243034787,27.23139715785614
164,2017-05-31,recovery,"COL,NVDA,AMD","0.304,0.400,0.296",39.27450146428538,45.08619139254625,exited,2017-11-30,45.08619139254625,14.797616039877127
165,2017-06-30,recovery,"NVDA,COL,MU","0.295,0.305,0.400",1248.2943264566254,1584.3581010562852,exited,2017-12-29,1584.3581010562852,26.921837861235943
166,2017-07-31,recovery,"NVDA,CMG,MU","0.248,0.400,0.352",86.63458190279822,112.58795870165483,exited,2018-01-31,112.58795870165483,29.95729445312685
167,2017-08-31,recovery,"NVDA,BSX,AMD","0.332,0.400,0.268",138.29555058505593,154.78404921046555,exited,2018-02-28,154.78404921046555,11.922653010639483
168,2017-09-29,recovery,"NVDA,COL,NRG","0.350,0.366,0.284",24.86104492586456,25.765153994762827,exited,2018-03-29,25.765153994762827,3.636649511693135
169,2017-10-31,recovery,"NVDA,APH,MU","0.266,0.400,0.334",179.40900243034787,183.30774994466213,exited,2018-04-30,183.30774994466213,2.1731058427950867
170,2017-11-30,recovery,"COL,NVDA,ALGN","0.333,0.267,0.400",46.08619139254625,49.132306458140555,exited,2018-05-31,49.132306458140555,6.609604685378656
171,2017-12-29,recovery,"NVDA,RF,ALGN","0.240,0.400,0.360",1585.3581010562852,2002.0197298652456,exited,2018-06-29,2002.0197298652456,26.281862030499536
172,2018-01-31,recovery,"NVDA,RF,ALGN","0.278,0.400,0.322",113.58795870165483,125.54596424174592,exited,2018-07-31,125.54596424174592,10.527529217687114
173,2018-02-28,recovery,"NVDA,CSX,ALGN","0.257,0.400,0.343",155.78404921046555,211.53099212024605,exited,2018-08-31,211.53099212024605,35.78475665019203
174,2018-03-29,recovery,"NVDA,HPE,ALGN","0.266,0.400,0.334",26.765153994762827,32.63860239071504,exited,2018-09-28,32.63860239071504,21.944384841206155
175,2018-04-30,recovery,"NVDA,KR,NRG","0.326,0.360,0.314",184.30774994466213,203.00995371945055,exited,2018-10-31,203.00995371945055,10.14726932557295
176,2018-05-31,recovery,"NVDA,LRCX,NFLX","0.294,0.400,0.306",50.132306458140555,38.0892896573142,exited,2018-11-30,38.0892896573142,-24.022467051026332
177,2018-06-29,recovery,"NVDA,AMD,NFLX","0.400,0.276,0.324",2003.0197298652456,1574.7353070392426,exited,2018-12-31,1574.7353070392426,-21.38193730397334
178,2018-07-31,recovery,"NVDA,AMD,NFLX","0.400,0.266,0.334",126.54596424174592,116.98673704860255,exited,2019-01-31,116.98673704860255,-7.553956580457988
179,2018-08-31,recovery,"AMD,NVDA,NTAP","0.233,0.386,0.381",212.53099212024605,152.84406886552173,exited,2019-02-28,152.84406886552173,-28.08386798521816
180,2018-09-28,recovery,"NVDA,ANET,ALGN","0.338,0.400,0.262",33.63860239071504,29.57188168538266,exited,2019-03-29,29.57188168538266,-12.089446101526747
181,2018-10-31,normal,"NVDA,CPRT,AMD","0.387,0.400,0.213",204.00995371945055,245.92232645921348,exited,2019-04-30,245.92232645921348,20.54427834310466
182,2018-11-30,recovery,"NVDA,COTY,AMD","0.387,0.400,0.213",39.0892896573142,46.63356020845751,exited,2019-05-31,46.63356020845751,19.300096310989545
184,2019-01-31,normal,"COTY,IVZ,CMG","0.308,0.400,0.292",1693.722044087845,2225.5309380247863,exited,2019-07-31,2225.5309380247863,31.39882932936302
185,2019-02-28,recovery,"NWL,COTY,AMD","0.330,0.400,0.270",153.84406886552173,162.88684136552175,exited,2019-08-30,162.88684136552175,5.877881784252925
186,2019-03-29,recovery,"CMG,KIM,AMD","0.400,0.400,0.200",30.57188168538266,35.60938586419946,exited,2019-09-30,35.60938586419946,16.47757318524945
187,2019-04-30,recovery,"NVDA,CMG,AMD","0.362,0.400,0.238",246.92232645921348,283.07657830695643,exited,2019-10-31,283.07657830695643,14.641953348724378
188,2019-05-31,normal,"COTY,CMG,AMD","0.320,0.400,0.280",47.63356020845751,57.211148972699206,exited,2019-11-29,57.211148972699206,20.106808565909297
189,2019-06-28,recovery,"COTY,CMG,AMD","0.323,0.400,0.277",1.0,1.1511978507258018,exited,2019-12-31,1.1511978507258018,15.119785072580182
190,2019-07-31,recovery,"COTY,CMG,MKTX","0.210,0.390,0.400",2226.5309380247863,2332.4763980058633,exited,2020-01-31,2332.4763980058633,4.758319687893664
191,2019-08-30,recovery,"CMG,NVDA,MKTX","0.379,0.221,0.400",163.88684136552175,169.2415004250911,exited,2020-02-28,169.2415004250911,3.2672904151143545
192,2019-09-30,recovery,"CPRT,NVDA,MKTX","0.380,0.220,0.400",36.60938586419946,38.96406469279406,exited,2020-03-31,38.96406469279406,6.4318992876011505
193,2019-10-31,recovery,"NVDA,CMG,KLAC","0.249,0.400,0.351",284.07657830695643,328.67094968050003,exited,2020-04-30,328.67094968050003,15.698010599577671
194,2019-11-29,recovery,"COTY,CPRT,LRCX","0.227,0.400,0.373",58.211148972699206,50.036178890369044,exited,2020-05-29,50.036178890369044,-14.043650102430016
195,2019-12-31,recovery,"NVDA,CPRT,AMD","0.287,0.400,0.313",2.1511978507258016,2.555626101338045,exited,2020-06-30,2.555626101338045,18.80014199883062
196,2020-01-31,recovery,"NVDA,AMD,TGT","0.293,0.307,0.400",2333.4763980058633,3478.466348379611,exited,2020-07-31,3478.466348379611,49.067989346377395
197,2020-02-28,normal,"NVDA,FCX,AMD","0.321,0.279,0.400",170.2415004250911,318.41745067939485,exited,2020-08-31,318.41745067939485,87.03867734031367
199,2020-04-30,normal,"FTI,HAL,REGN","0.305,0.295,0.400",369.6350143732941,348.5516343411057,exited,2020-10-30,348.5516343411057,-5.703837356408103
200,2020-05-29,recovery,"FTI,COTY,DXCM","0.263,0.363,0.374",51.036178890369044,67.82622518200131,exited,2020-11-30,67.82622518200131,32.89832165472069
201,2020-06-30,recovery,"FTI,COTY,DXCM","0.266,0.347,0.386",3.555626101338045,4.488950335739315,exited,2020-12-31,4.488950335739315,26.24922328166179
202,2020-07-31,recovery,"COTY,FTI,DXCM","0.316,0.289,0.395",3479.466348379611,4404.981288542536,exited,2021-01-29,4404.981288542536,26.59933586062524
203,2020-08-31,recovery,"COTY,FTI,DXCM","0.320,0.280,0.400",319.41745067939485,466.3848626992245,exited,2021-02-26,466.3848626992245,46.01107788795908
204,2020-09-30,recovery,"FTI,OXY,AMD","0.340,0.260,0.400",1.0,1.6329062558860286,exited,2021-03-31,1.6329062558860286,63.29062558860286
205,2020-10-30,recovery,"FTI,DXC,ETSY","0.364,0.327,0.309",349.5516343411057,609.0207916920044,exited,2021-04-30,609.0207916920044,74.22913580135028
206,2020-11-30,recovery,"AVGO,CSX,ETSY","0.400,0.400,0.200",68.82622518200131,77.73162464214883,exited,2021-05-31,77.73162464214883,12.938962490821538
207,2020-12-31,recovery,"AVGO,FTNT,TSLA","0.400,0.400,0.200",5.488950335739315,6.99998706467572,exited,2021-06-30,6.99998706467572,27.528701054149394
208,2021-01-29,recovery,"APA,DVN,TSLA","0.328,0.306,0.366",4405.981288542536,5462.239493070792,exited,2021-07-30,5462.239493070792,23.973279398053403
209,2021-02-26,recovery,"DXC,APA,TSLA","0.389,0.297,0.314",467.3848626992245,561.4028031942703,exited,2021-08-31,561.4028031942703,20.115743576305967
210,2021-03-31,recovery,"KIM,APA,PENN","0.400,0.327,0.273",2.6329062558860286,2.7121309282358412,exited,2021-09-30,2.7121309282358412,3.009019868166618
211,2021-04-30,recovery,"APA,DOW,PENN","0.304,0.400,0.296",610.0207916920044,611.6102242111667,exited,2021-10-29,611.6102242111667,0.2605538271496899
212,2021-05-31,recovery,"FOX,KEYS,TSLA","0.400,0.400,0.200",78.73162464214883,101.11804433061752,exited,2021-11-30,101.11804433061752,28.433834294947545
213,2021-06-30,recovery,"FOXA,DOW,TPR","0.400,0.400,0.200",7.99998706467572,7.641219956683119,exited,2021-12-31,7.641219956683119,-4.484596101120619
214,2021-07-30,recovery,"ZTS,DHR,MRNA","0.400,0.400,0.200",5463.239493070792,4780.581449959158,exited,2022-01-31,4780.581449959158,-12.495480821909277
215,2021-08-31,recovery,"APA,RSG,MRNA","0.390,0.400,0.210",562.4028031942703,670.2811213394127,exited,2022-02-28,670.2811213394127,19.181682155997027
216,2021-09-30,recovery,"NOW,KEYS,MRNA","0.400,0.400,0.200",3.7121309282358412,3.085790396240501,exited,2022-03-31,3.085790396240501,-16.872802821451216
217,2021-10-29,recovery,"KEYS,SHW,MRNA","0.400,0.400,0.200",612.6102242111667,451.8443240815527,exited,2022-04-29,451.8443240815527,-26.242771304808976
218,2021-11-30,recovery,"F,STE,DVN","0.354,0.400,0.246",102.11804433061752,114.99607344620517,exited,2022-05-31,114.99607344620517,12.610924151557112
219,2021-12-31,recovery,"ABT,F,MRNA","0.400,0.400,0.200",8.64121995668312,5.529136061915558,exited,2022-06-30,5.529136061915558,-36.01440433605298
220,2022-01-31,recovery,"F,APA,DVN","0.354,0.281,0.365",4781.581449959158,4983.78548913303,exited,2022-07-29,4983.78548913303,4.228810933997562
221,2022-02-28,normal,"F,NVDA,DVN","0.366,0.266,0.368",671.2811213394127,629.4909541902487,exited,2022-08-31,629.4909541902487,-6.225434593748114
222,2022-03-31,recovery,"CFG,UAA,DVN","0.400,0.294,0.306",4.085790396240501,3.0525953023759693,exited,2022-09-30,3.0525953023759693,-25.287520740545478
224,2022-05-31,normal,"UA,UAA,DVN","0.349,0.341,0.310",568.8403975277579,529.0531899585371,exited,2022-11-30,529.0531899585371,-6.994441277753882
226,2022-07-29,normal,"CCL,NFLX,OXY","0.362,0.317,0.321",4991.314625194946,6225.619975469576,exited,2023-01-31,6225.619975469576,24.729063242059656
227,2022-08-31,normal,"CCL,NVDA,OXY","0.358,0.290,0.351",630.4909541902487,718.1210055983424,exited,2023-02-28,718.1210055983424,13.89870081810114
229,2022-10-31,normal,"NVDA,WBD,OXY","0.278,0.392,0.330",5.05259530237597,6.374389891731301,exited,2023-04-28,6.374389891731301,26.16070574133973
230,2022-11-30,recovery,"CCL,F,OXY","0.310,0.342,0.348",530.0531899585371,507.62808143316704,exited,2023-05-31,507.62808143316704,-4.2307279628152505
231,2022-12-30,normal,"CCL,NFLX,ENPH","0.361,0.318,0.321",1.0,1.5193680322498144,exited,2023-06-30,1.5193680322498144,51.936803224981446
232,2023-01-31,recovery,"WBD,NVDA,FSLR","0.372,0.312,0.316",6226.619975469576,8981.295694471853,exited,2023-07-31,8981.295694471853,44.24030581366154
233,2023-02-28,recovery,"WBD,CCL,FSLR","0.297,0.315,0.387",719.1210055983424,828.260089109762,exited,2023-08-31,828.260089109762,15.17673418823453
234,2023-03-31,recovery,"ANET,NVDA,FSLR","0.400,0.271,0.329",1.0,1.1062067982934691,exited,2023-09-29,1.1062067982934691,10.620679829346912
235,2023-04-28,recovery,"CCL,NVDA,FSLR","0.318,0.314,0.368",7.374389891731301,8.428857715763906,exited,2023-10-31,8.428857715763906,14.299051711585653
236,2023-05-31,recovery,"WBD,CSX,FSLR","0.280,0.400,0.320",508.62808143316704,473.7968670705555,exited,2023-11-30,473.7968670705555,-6.8480714364938855
237,2023-06-30,recovery,"NWL,F,FSLR","0.392,0.319,0.289",2.5193680322498144,2.3233302801017244,exited,2023-12-29,2.3233302801017244,-7.781227261704471
238,2023-07-31,recovery,"ROL,ANET,RCL","0.400,0.368,0.232",8982.295694471853,11773.005796041392,exited,2024-01-31,11773.005796041392,31.069007261552063
239,2023-08-31,recovery,"CARR,HWM,NVDA","0.381,0.400,0.219",829.260089109762,1045.1435778045748,exited,2024-02-29,1045.1435778045748,26.033266466081926
240,2023-09-29,recovery,"ANET,CCL,NVDA","0.400,0.233,0.367",2.106206798293469,3.515098222091385,exited,2024-03-28,3.515098222091385,66.89235952231543
241,2023-10-31,normal,"F,MTCH,NVDA","0.389,0.296,0.315",9.428857715763906,13.462596954553755,exited,2024-04-30,13.462596954553755,42.780783848778704
242,2023-11-30,recovery,"CCL,F,META","0.203,0.397,0.400",474.7968670705555,598.7952631141272,exited,2024-05-31,598.7952631141272,26.116093985334878
243,2023-12-29,recovery,"CCL,KEY,NVDA","0.236,0.371,0.392",3.3233302801017244,5.2944710960489365,exited,2024-06-28,5.2944710960489365,59.31221545295453
244,2024-01-31,recovery,"KEY,CCL,NVDA","0.357,0.243,0.400",11774.005796041392,16618.80652480995,exited,2024-07-31,16618.80652480995,41.14827878203911
245,2024-02-29,recovery,"UBER,HWM,NVDA","0.321,0.400,0.279",1046.1435778045748,1356.8612263380062,exited,2024-08-30,1356.8612263380062,29.701243225666985
246,2024-03-28,recovery,"MSFT,CARR,SMCI","0.400,0.400,0.200",4.515098222091385,4.7375007133132625,exited,2024-09-30,4.7375007133132625,4.925750898036063
247,2024-04-30,recovery,"F,KEY,SMCI","0.400,0.400,0.200",14.462596954553755,13.075057280885352,exited,2024-10-31,13.075057280885352,-9.593987013732807
248,2024-05-31,recovery,"KEY,CARR,VST","0.262,0.363,0.375",599.7952631141272,847.452699896689,exited,2024-11-29,847.452699896689,41.29032888601494
249,2024-06-28,recovery,"KEY,AAL,VST","0.307,0.326,0.367",6.2944710960489365,9.25114542418441,exited,2024-12-31,9.25114542418441,46.9725618406825
250,2024-07-31,recovery,"AAPL,TSCO,SMCI","0.400,0.400,0.200",16619.80652480995,15333.495191683432,exited,2025-01-31,15333.495191683432,-7.73962880498228
251,2024-08-30,recovery,"LKQ,CAT,NVDA","0.400,0.355,0.245",1357.8612263380062,1371.0725165210524,exited,2025-02-28,1371.0725165210524,0.9729484815377942
252,2024-09-30,recovery,"PLTR,AAPL,VST","0.247,0.400,0.353",5.7375007133132625,7.41611437758664,exited,2025-03-31,7.41611437758664,29.256879400090206
253,2024-10-31,recovery,"PLTR,NCLH,VST","0.270,0.393,0.337",14.075057280885352,19.255348860340273,exited,2025-04-30,19.255348860340273,36.80476374678789
254,2024-11-29,recovery,"TSCO,FAST,VST","0.400,0.400,0.200",848.452699896689,801.830339586023,exited,2025-05-30,801.830339586023,-5.4949863812494115
255,2024-12-31,recovery,"ON,CCL,VST","0.400,0.336,0.264",10.25114542418441,11.099197401093654,exited,2025-06-30,11.099197401093654,8.272753354064498
256,2025-01-31,recovery,"SYF,SW,VST","0.400,0.400,0.200",15334.495191683432,15271.178861270017,exited,2025-07-31,15271.178861270017,-0.41290130272925163
257,2025-02-28,recovery,"SYF,LLY,PLTR","0.400,0.400,0.200",1372.0725165210524,1640.665837622687,exited,2025-08-29,1640.665837622687,19.575738007103595
258,2025-03-31,normal,"FTNT,PANW,PLTR","0.365,0.400,0.235",8.41611437758664,10.963389422136881,exited,2025-09-30,10.963389422136881,30.266640046314166
259,2025-04-30,normal,"TER,MRNA,PLTR","0.385,0.317,0.299",20.255348860340273,35.4364920253125,exited,2025-10-31,35.4364920253125,74.94881114931931
260,2025-05-30,recovery,"UBER,CPRT,PLTR","0.383,0.400,0.217",802.830339586023,784.9076496329418,exited,2025-11-28,784.9076496329418,-2.232438046913243
261,2025-06-30,recovery,"UBER,EXE,PLTR","0.378,0.400,0.222",12.099197401093654,12.153965841085217,exited,2025-12-31,12.153965841085217,0.4526617607430117
262,2025-07-31,recovery,"UBER,SYF,PLTR","0.400,0.373,0.227",15272.178861270017,14756.320770461673,exited,2026-01-30,14756.320770461673,-3.377763549617341
263,2025-08-29,recovery,"UBER,AVGO,PLTR","0.400,0.309,0.291",1641.665837622687,1492.1131264451474,exited,2026-02-27,1492.1131264451474,-9.109814418390306
264,2025-09-30,recovery,"SYF,CTVA,HOOD","0.400,0.400,0.200",11.963389422136881,11.166756881758115,exited,2026-03-31,11.166756881758115,-6.6589200791599135
265,2025-10-31,recovery,"UBER,SYF,HOOD","0.400,0.400,0.200",36.4364920253125,27.72767241958853,exited,2026-04-30,27.72767241958853,-23.90136679369117
266,2025-11-28,recovery,"UBER,RTX,HOOD","0.400,0.400,0.200",785.9076496329418,708.6970602080315,open,2026-04-30 (open),708.6970602080315,-9.824384514003837
267,2025-12-31,recovery,"SYF,CAT,WDC","0.400,0.386,0.214",13.153965841085217,15.01416235707184,open,2026-04-30 (open),15.01416235707184,14.141716182479879
