universe,policy,issued,matured,wins,pending,unknown,precision,random_expected,peer_expected,nonoverlap_n
sp500,adaptive95,0,0,0,0,0,,,,0
sp500,competing@0.6,204,160,75,44,1,0.468750,0.367152,0.408436,9
sp500,competing@0.7,67,62,30,5,1,0.483871,0.350770,0.404120,7
sp500,competing@0.8,7,7,2,0,0,0.285714,0.337533,0.440051,2
sp500,competing@0.85,0,0,0,0,0,,,,0
sp500,competing@0.9,0,0,0,0,0,,,,0
sp500,competing@0.95,0,0,0,0,0,,,,0
sp500,competing@0.975,0,0,0,0,0,,,,0
sp500,consensus@0.6,99,96,48,3,0,0.500000,0.379024,0.428453,6
sp500,consensus@0.7,8,8,3,0,0,0.375000,0.482031,0.505543,2
sp500,consensus@0.8,0,0,0,0,0,,,,0
sp500,consensus@0.85,0,0,0,0,0,,,,0
sp500,consensus@0.9,0,0,0,0,0,,,,0
sp500,consensus@0.95,0,0,0,0,0,,,,0
sp500,consensus@0.975,0,0,0,0,0,,,,0
sp500,direct@0.6,192,148,64,44,0,0.432432,0.364988,0.413503,10
sp500,direct@0.7,53,40,13,13,1,0.325000,0.330818,0.371993,4
sp500,direct@0.8,1,1,1,0,0,1.000000,0.121281,0.555556,1
sp500,direct@0.85,0,0,0,0,0,,,,0
sp500,direct@0.9,0,0,0,0,0,,,,0
sp500,direct@0.95,0,0,0,0,0,,,,0
sp500,direct@0.975,0,0,0,0,0,,,,0
sp500,persistence@0.6,52,43,23,9,0,0.534884,0.369097,0.479351,4
sp500,persistence@0.7,2,1,1,1,0,1.000000,0.313929,0.484848,1
sp500,persistence@0.8,0,0,0,0,0,,,,0
sp500,persistence@0.85,0,0,0,0,0,,,,0
sp500,persistence@0.9,0,0,0,0,0,,,,0
sp500,persistence@0.95,0,0,0,0,0,,,,0
sp500,persistence@0.975,0,0,0,0,0,,,,0
sp500,rebound@0.6,158,130,63,28,0,0.484615,0.383279,0.424267,10
sp500,rebound@0.7,33,28,10,5,0,0.357143,0.347336,0.396076,3
sp500,rebound@0.8,1,1,0,0,0,0.000000,0.121281,0.096774,1
sp500,rebound@0.85,0,0,0,0,0,,,,0
sp500,rebound@0.9,0,0,0,0,0,,,,0
sp500,rebound@0.95,0,0,0,0,0,,,,0
sp500,rebound@0.975,0,0,0,0,0,,,,0
sp500,recent@0.6,233,230,91,3,4,0.395652,0.353428,0.401055,15
sp500,recent@0.7,62,62,25,0,0,0.403226,0.341244,0.386902,9
sp500,recent@0.8,5,5,2,0,0,0.400000,0.148958,0.345142,1
sp500,recent@0.85,0,0,0,0,0,,,,0
sp500,recent@0.9,0,0,0,0,0,,,,0
sp500,recent@0.95,0,0,0,0,0,,,,0
sp500,recent@0.975,0,0,0,0,0,,,,0
sp500,residual_cdf@0.6,407,341,145,66,4,0.425220,0.333948,0.365499,15
sp500,residual_cdf@0.7,230,208,83,22,3,0.399038,0.321998,0.350872,12
sp500,residual_cdf@0.8,109,107,42,2,0,0,0.392523,0.318505,0.343020,11
sp500,residual_cdf@0.85,69,69,27,0,0,0.391304,0.311580,0.319002,7
sp500,residual_cdf@0.9,21,21,8,0,0,0.380952,0.295581,0.325469,5
sp500,residual_cdf@0.95,6,6,2,0,0,0.333333,0.369847,0.310386,1
sp500,residual_cdf@0.975,0,0,0,0,0,,,,0
sp500,squeeze_veto@0.6,42,42,18,0,0,0.428571,0.440247,0.448598,6
sp500,squeeze_veto@0.7,7,7,2,0,0,0.285714,0.461828,0.511053,2
sp500,squeeze_veto@0.8,0,0,0,0,0,,,,0
sp500,squeeze_veto@0.85,0,0,0,0,0,,,,0
sp500,squeeze_veto@0.9,0,0,0,0,0,,,,0
sp500,squeeze_veto@0.95,0,0,0,0,0,,,,0
sp500,squeeze_veto@0.975,0,0,0,0,0,,,,0
ndx,adaptive95,0,0,0,0,0,,,,0
ndx,competing@0.6,117,102,41,15,0,0.401961,0.390406,0.380556,12
ndx,competing@0.7,69,69,22,0,0,0.318841,0.345155,0.316281,8
ndx,competing@0.8,26,26,8,0,0,0.307692,0.326957,0.381181,3
ndx,competing@0.85,5,5,0,0,0,0.000000,0.331959,0.220556,2
ndx,competing@0.9,0,0,0,0,0,,,,0
ndx,competing@0.95,0,0,0,0,0,,,,0
ndx,competing@0.975,0,0,0,0,0,,,,0
ndx,consensus@0.6,84,84,28,0,0,0.333333,0.367168,0.327638,11
ndx,consensus@0.7,40,40,13,0,0,0.325000,0.357465,0.350575,6
ndx,consensus@0.8,0,0,0,0,0,,,,0
ndx,consensus@0.85,0,0,0,0,0,,,,0
ndx,consensus@0.9,0,0,0,0,0,,,,0
ndx,consensus@0.95,0,0,0,0,0,,,,0
ndx,consensus@0.975,0,0,0,0,0,,,,0
ndx,direct@0.6,145,136,61,9,0,0.448529,0.408245,0.435836,11
ndx,direct@0.7,69,68,27,1,0,0.397059,0.359243,0.378011,7
ndx,direct@0.8,3,3,1,0,0,0.333333,0.443973,0.368254,2
ndx,direct@0.85,0,0,0,0,0,,,,0
ndx,direct@0.9,0,0,0,0,0,,,,0
ndx,direct@0.95,0,0,0,0,0,,,,0
ndx,direct@0.975,0,0,0,0,0,,,,0
ndx,persistence@0.6,35,33,17,2,0,0.515152,0.418916,0.471208,2
ndx,persistence@0.7,0,0,0,0,0,,,,0
ndx,persistence@0.8,0,0,0,0,0,,,,0
ndx,persistence@0.85,0,0,0,0,0,,,,0
ndx,persistence@0.9,0,0,0,0,0,,,,0
ndx,persistence@0.95,0,0,0,0,0,,,,0
ndx,persistence@0.975,0,0,0,0,0,,,,0
ndx,rebound@0.6,100,95,44,5,0,0.463158,0.390249,0.408862,11
ndx,rebound@0.7,49,48,22,1,0,0.458333,0.371179,0.415858,5
ndx,rebound@0.8,2,2,2,0,0,1.000000,0.456776,0.475000,2
ndx,rebound@0.85,0,0,0,0,0,,,,0
ndx,rebound@0.9,0,0,0,0,0,,,,0
ndx,rebound@0.95,0,0,0,0,0,,,,0
ndx,rebound@0.975,0,0,0,0,0,,,,0
ndx,recent@0.6,123,123,49,0,0,0.398374,0.383968,0.393422,10
ndx,recent@0.7,51,51,19,0,0,0.372549,0.380317,0.370316,5
ndx,recent@0.8,2,2,0,0,0,0.000000,0.546875,0.325000,1
ndx,recent@0.85,0,0,0,0,0,,,,0
ndx,recent@0.9,0,0,0,0,0,,,,0
ndx,recent@0.95,0,0,0,0,0,,,,0
ndx,recent@0.975,0,0,0,0,0,,,,0
ndx,residual_cdf@0.6,240,178,70,62,0,0.393258,0.382273,0.395449,18
ndx,residual_cdf@0.7,101,83,32,18,0,0.385542,0.393960,0.412962,11
ndx,residual_cdf@0.8,31,30,9,1,0,0.300000,0.416297,0.377593,4
ndx,residual_cdf@0.85,9,9,6,0,0,0.666667,0.475159,0.629630,3
ndx,residual_cdf@0.9,2,2,1,0,0,0.500000,0.546875,0.500000,1
ndx,residual_cdf@0.95,0,0,0,0,0,,,,0
ndx,residual_cdf@0.975,0,0,0,0,0,,,,0
ndx,squeeze_veto@0.6,61,61,23,0,0,0.377049,0.363210,0.351086,8
ndx,squeeze_veto@0.7,20,20,7,0,0,0.350000,0.369453,0.376131,4
ndx,squeeze_veto@0.8,0,0,0,0,0,,,,0
ndx,squeeze_veto@0.85,0,0,0,0,0,,,,0
ndx,squeeze_veto@0.9,0,0,0,0,0,,,,0
ndx,squeeze_veto@0.95,0,0,0,0,0,,,,0
ndx,squeeze_veto@0.975,0,0,0,0,0,,,,0
