ts,close
2015-01-02,96.16407012939453
2015-01-05,94.6509780883789
2015-01-06,92.6097412109375
2015-01-07,92.00447082519531
2015-01-08,94.00415802001953
2015-01-09,94.41360473632812
2015-01-12,92.82925415039062
2015-01-13,93.048828125
2015-01-14,92.44952392578125
2015-01-15,91.71964263916016
2015-01-16,93.2446517944336
2015-01-20,93.13187408447266
2015-01-21,90.24803924560547
2015-01-22,92.20621490478516
2015-01-23,92.49101257324219
2015-01-26,92.78180694580078
2015-01-27,91.18558502197266
2015-01-28,89.9276351928711
2015-01-29,92.2596435546875
2015-01-30,90.97193145751953
2015-02-02,91.77303314208984
2015-02-03,94.03382873535156
2015-02-04,93.1377944946289
2015-02-05,93.70153045654297
2015-02-06,93.64778900146484
2015-02-09,93.06815338134766
2015-02-10,94.74726104736328
2015-02-11,94.53215026855469
2015-02-12,94.72332763671875
2015-02-13,95.84671020507812
2015-02-17,96.18135833740234
2015-02-18,96.91636657714844
2015-02-19,97.93219757080078
2015-02-20,97.78876495361328
2015-02-23,97.34663391113281
2015-02-24,98.49388885498047
2015-02-25,97.28684997558594
2015-02-26,96.12760925292969
2015-02-27,96.76698303222656
2015-03-02,95.89456939697266
2015-03-03,96.22319793701172
2015-03-04,95.26113891601562
2015-03-05,96.31285095214844
2015-03-06,94.7114028930664
2015-03-09,96.06784057617188
2015-03-10,94.2990951538086
2015-03-11,93.69557189941406
2015-03-12,94.40066528320312
2015-03-13,92.18976593017578
2015-03-16,93.86287689208984
2015-03-17,93.79117584228516
2015-03-18,95.49418640136719
2015-03-19,95.49418640136719
2015-03-20,97.32864379882812
2015-03-23,98.37437438964844
2015-03-24,97.40036010742188
2015-03-25,95.12966918945312
2015-03-26,95.96028900146484
2015-03-27,95.84671020507812
2015-03-30,97.20319366455078
2015-03-31,95.9065170288086
2015-04-01,95.11774444580078
2015-04-02,95.87662506103516
2015-04-06,96.82671356201172
2015-04-07,96.84465789794922
2015-04-08,96.71318054199219
2015-04-09,97.00596618652344
2015-04-10,97.31669616699219
2015-04-13,97.0298843383789
2015-04-14,96.98208618164062
2015-04-15,98.07560729980469
2015-04-16,97.47804260253906
2015-04-17,96.008056640625
2015-04-20,99.28861999511719
2015-04-21,98.15327453613281
2015-04-22,98.81059265136719
2015-04-23,101.72663116455078
2015-04-24,101.45176696777344
2015-04-27,102.01942443847656
2015-04-28,103.92557525634766
2015-04-29,104.21240997314453
2015-04-30,102.35403442382812
2015-05-01,103.77620697021484
2015-05-04,103.95545959472656
2015-05-05,103.42361450195312
2015-05-06,102.38208770751953
2015-05-07,102.9480209350586
2015-05-08,103.96552276611328
2015-05-11,103.0262451171875
2015-05-12,102.6830825805664
2015-05-13,103.72468566894531
2015-05-14,104.79031372070312
2015-05-15,104.31471252441406
2015-05-18,104.19430541992188
2015-05-19,104.44718170166016
2015-05-20,104.61575317382812
2015-05-21,104.36286926269531
2015-05-22,103.68856048583984
2015-05-26,102.43026733398438
2015-05-27,103.55609893798828
2015-05-28,103.3814926147461
2015-05-29,102.14128112792969
2015-06-01,102.4603500366211
2015-06-02,102.14128112792969
2015-06-03,102.30380249023438
2015-06-04,101.37660217285156
2015-06-05,100.78656005859375
2015-06-08,99.54629516601562
2015-06-09,99.75103759765625
2015-06-10,101.70174407958984
2015-06-11,101.61743927001953
2015-06-12,100.53974151611328
2015-06-15,100.10025024414062
2015-06-16,100.44941711425781
2015-06-17,100.64810943603516
2015-06-18,101.29833984375
2015-06-19,100.53974151611328
2015-06-22,100.98523712158203
2015-06-23,101.5211181640625
2015-06-24,100.52767944335938
2015-06-25,99.99187469482422
2015-06-26,99.61856842041016
2015-06-29,98.11939239501953
2015-06-30,97.93274688720703
2015-07-01,99.03453826904297
2015-07-02,99.39579010009766
2015-07-06,99.17903900146484
2015-07-07,99.34162139892578
2015-07-08,98.23383331298828
2015-07-09,98.64920043945312
2015-07-10,100.51566314697266
2015-07-13,101.97871398925781
2015-07-14,101.51512145996094
2015-07-15,101.46693420410156
2015-07-16,102.95404815673828
2015-07-17,103.8631362915039
2015-07-20,104.29061889648438
2015-07-21,98.17963409423828
2015-07-22,96.54198455810547
2015-07-23,97.37284851074219
2015-07-24,96.18075561523438
2015-07-27,95.7713623046875
2015-07-28,96.36134338378906
2015-07-29,96.98747253417969
2015-07-30,96.90925598144531
2015-07-31,97.52938079833984
2015-08-03,95.5545883178711
2015-08-04,94.88629150390625
2015-08-05,95.06692504882812
2015-08-06,94.8969497680664
2015-08-07,94.16845703125
2015-08-10,95.15798950195312
2015-08-11,94.40520477294922
2015-08-12,94.79981231689453
2015-08-13,94.13809967041016
2015-08-14,94.55091094970703
2015-08-17,94.89085388183594
2015-08-18,94.708740234375
2015-08-19,93.45211029052734
2015-08-20,92.6750717163086
2015-08-21,90.36214447021484
2015-08-24,87.09610748291016
2015-08-25,85.57239532470703
2015-08-26,89.05694580078125
2015-08-27,90.17396545410156
2015-08-28,89.83399200439453
2015-08-31,89.77935028076172
2015-09-01,86.61651611328125
2015-09-02,88.05526733398438
2015-09-03,89.10552215576172
2015-09-04,87.23573303222656
2015-09-08,89.37867736816406
2015-09-09,88.05526733398438
2015-09-10,88.75340270996094
2015-09-11,89.46366882324219
2015-09-14,88.41950988769531
2015-09-15,89.56079864501953
2015-09-16,90.09501647949219
2015-09-17,89.93110656738281
2015-09-18,87.72746276855469
2015-09-21,88.92337799072266
2015-09-22,87.67888641357422
2015-09-23,87.21145629882812
2015-09-24,87.66676330566406
2015-09-25,88.27992248535156
2015-09-28,86.51937866210938
2015-09-29,86.48904418945312
2015-09-30,88.00670623779297
2015-10-01,87.16895294189453
2015-10-02,87.76996612548828
2015-10-05,90.47747039794922
2015-10-06,90.31961822509766
2015-10-07,91.11490631103516
2015-10-08,92.4443588256836
2015-10-09,92.51117706298828
2015-10-12,91.75231170654297
2015-10-13,90.82957458496094
2015-10-14,91.06633758544922
2015-10-15,91.11490631103516
2015-10-16,91.29704284667969
2015-10-19,90.58673858642578
2015-10-20,85.37808990478516
2015-10-21,85.54806518554688
2015-10-22,87.47248840332031
2015-10-23,87.8306655883789
2015-10-26,87.21145629882812
2015-10-27,83.69046020507812
2015-10-28,85.49344635009766
2015-10-29,85.32345581054688
2015-10-30,85.03814697265625
2015-11-02,85.2142105102539
2015-11-03,86.13086700439453
2015-11-04,85.9791259765625
2015-11-05,84.92279815673828
2015-11-06,84.7144546508789
2015-11-09,82.91294860839844
2015-11-10,83.0110092163086
2015-11-11,82.73523712158203
2015-11-12,81.52198028564453
2015-11-13,80.73150634765625
2015-11-16,81.93252563476562
2015-11-17,81.99993896484375
2015-11-18,83.22542572021484
2015-11-19,83.78919982910156
2015-11-20,84.86766815185547
2015-11-23,84.84314727783203
2015-11-24,84.9289321899414
2015-11-25,84.56124114990234
2015-11-27,84.84314727783203
2015-11-30,85.43140411376953
2015-12-01,86.57112121582031
2015-12-02,85.60297393798828
2015-12-03,85.1250228881836
2015-12-04,86.05030059814453
2015-12-07,85.51103973388672
2015-12-08,84.5919189453125
2015-12-09,83.70952606201172
2015-12-10,83.8136978149414
2015-12-11,82.45950317382812
2015-12-14,83.29286193847656
2015-12-15,84.4325942993164
2015-12-16,85.35172271728516
2015-12-17,83.79532623291016
2015-12-18,82.66173553466797
2015-12-21,83.02937316894531
2015-12-22,84.51837158203125
2015-12-23,84.89217376708984
2015-12-24,84.7144546508789
2015-12-28,84.32229614257812
2015-12-29,85.65198516845703
2015-12-30,85.38237762451172
2015-12-31,84.32842254638672
2016-01-04,83.30510711669922
2016-01-05,83.24382781982422
2016-01-06,82.82715606689453
2016-01-07,81.41169738769531
2016-01-08,80.65797424316406
2016-01-11,81.63837432861328
2016-01-12,81.43616485595703
2016-01-13,80.37611389160156
2016-01-14,81.44229888916016
2016-01-15,79.67756652832031
2016-01-19,78.50104522705078
2016-01-20,74.67127227783203
2016-01-21,75.31468200683594
2016-01-22,75.06344604492188
2016-01-25,74.80609893798828
2016-01-26,75.11859893798828
2016-01-27,74.11978149414062
2016-01-28,74.89188385009766
2016-01-29,76.4666748046875
2016-02-01,76.4911880493164
2016-02-02,75.33305358886719
2016-02-03,76.42378234863281
2016-02-04,78.21919250488281
2016-02-05,78.78290557861328
2016-02-08,78.6033935546875
2016-02-09,76.80206298828125
2016-02-10,74.40025329589844
2016-02-11,72.95172119140625
2016-02-12,74.92638397216797
2016-02-16,75.9787368774414
2016-02-17,78.05866241455078
2016-02-18,81.98943328857422
2016-02-19,82.3794174194336
2016-02-22,82.80656433105469
2016-02-23,81.9585189819336
2016-02-24,82.20610809326172
2016-02-25,83.25843811035156
2016-02-26,81.72946166992188
2016-02-29,81.11044311523438
2016-03-01,83.177978515625
2016-03-02,84.37267303466797
2016-03-03,85.30120086669922
2016-03-04,85.30120086669922
2016-03-07,86.75592803955078
2016-03-08,86.0873794555664
2016-03-09,86.91687774658203
2016-03-10,86.7806625366211
2016-03-11,88.12396240234375
2016-03-14,88.38395690917969
2016-03-15,88.49537658691406
2016-03-16,89.62818908691406
2016-03-17,91.02098083496094
2016-03-18,91.05191040039062
2016-03-21,92.0052261352539
2016-03-22,91.67713165283203
2016-03-23,90.00579071044922
2016-03-24,91.58428192138672
2016-03-28,91.86286163330078
2016-03-29,92.43853759765625
2016-03-30,91.8690185546875
2016-03-31,93.75086212158203
2016-04-01,94.4132308959961
2016-04-04,94.13463592529297
2016-04-05,92.85328674316406
2016-04-06,92.86567687988281
2016-04-07,91.77002716064453
2016-04-08,92.450927734375
2016-04-11,92.38903045654297
2016-04-12,92.62425994873047
2016-04-13,93.61466217041016
2016-04-14,93.57132720947266
2016-04-15,93.91799926757812
2016-04-18,94.41939544677734
2016-04-19,89.13917541503906
2016-04-20,90.4452896118164
2016-04-21,92.41996765136719
2016-04-22,91.92475128173828
2016-04-25,92.1166763305664
2016-04-26,92.28379821777344
2016-04-27,93.14422607421875
2016-04-28,91.03954315185547
2016-04-29,90.34005737304688
2016-05-02,89.92530059814453
2016-05-03,89.21961212158203
2016-05-04,89.29388427734375
2016-05-05,90.66815948486328
2016-05-06,92.05561828613281
2016-05-09,92.08686065673828
2016-05-10,93.73062133789062
2016-05-11,93.09313201904297
2016-05-12,93.02437591552734
2016-05-13,92.32437133789062
2016-05-16,93.41190338134766
2016-05-17,92.49937438964844
2016-05-18,92.08686065673828
2016-05-19,90.58063507080078
2016-05-20,92.03062438964844
2016-05-23,91.73064422607422
2016-05-24,92.69312286376953
2016-05-25,94.80561065673828
2016-05-26,95.27436828613281
2016-05-27,95.52434539794922
2016-05-31,96.08683776855469
2016-06-01,95.318115234375
2016-06-02,95.93687438964844
2016-06-03,95.55559539794922
2016-06-06,95.45562744140625
2016-06-07,95.83062744140625
2016-06-08,96.24934387207031
2016-06-09,95.88687133789062
2016-06-10,95.2305908203125
2016-06-13,94.54936218261719
2016-06-14,94.4118423461914
2016-06-15,94.17436218261719
2016-06-16,94.4118423461914
2016-06-17,94.99312591552734
2016-06-20,96.00558471679688
2016-06-21,96.28059387207031
2016-06-22,95.57435607910156
2016-06-23,97.09309387207031
2016-06-24,91.61813354492188
2016-06-27,89.68690490722656
2016-06-28,91.0619125366211
2016-06-29,92.78687286376953
2016-06-30,94.86185455322266
2016-07-01,95.21810913085938
2016-07-05,94.79937744140625
2016-07-06,95.2305908203125
2016-07-07,95.37434387207031
2016-07-08,96.53685760498047
2016-07-11,97.08059692382812
2016-07-12,98.14932250976562
2016-07-13,98.76181030273438
2016-07-14,100.17431640625
2016-07-15,99.8618392944336
2016-07-18,99.9118423461914
2016-07-19,99.73683166503906
2016-07-20,100.84931945800781
2016-07-21,100.28057098388672
2016-07-22,101.29310607910156
2016-07-25,101.65555572509766
2016-07-26,101.32432556152344
2016-07-27,101.14308166503906
2016-07-28,100.85554504394531
2016-07-29,100.38682556152344
2016-08-01,100.90559387207031
2016-08-02,100.36181640625
2016-08-03,100.41806030273438
2016-08-04,100.9680404663086
2016-08-05,102.18681335449219
2016-08-08,102.14898681640625
2016-08-09,101.97875213623047
2016-08-10,102.17417907714844
2016-08-11,103.08826446533203
2016-08-12,102.0922622680664
2016-08-15,102.04814910888672
2016-08-16,101.30422973632812
2016-08-17,101.14036560058594
2016-08-18,101.7203140258789
2016-08-19,100.88822937011719
2016-08-22,100.86299133300781
2016-08-23,101.02684783935547
2016-08-24,100.26412963867188
2016-08-25,99.99935913085938
2016-08-26,99.80393981933594
2016-08-29,100.6865005493164
2016-08-30,100.4847640991211
2016-08-31,100.15694427490234
2016-09-01,100.57300567626953
2016-09-02,100.57930755615234
2016-09-06,101.0836181640625
2016-09-07,101.89685821533203
2016-09-08,100.23258209228516
2016-09-09,98.14601135253906
2016-09-12,99.78501892089844
2016-09-13,98.22164916992188
2016-09-14,97.11211395263672
2016-09-15,98.12705993652344
2016-09-16,96.97972869873047
2016-09-19,97.62904357910156
2016-09-20,97.36430358886719
2016-09-21,98.04513549804688
2016-09-22,98.4107437133789
2016-09-23,97.6983871459961
2016-09-26,97.06800842285156
2016-09-27,98.8267822265625
2016-09-28,99.78501892089844
2016-09-29,99.6715316772461
2016-09-30,100.13803100585938
2016-10-03,99.35633087158203
2016-10-04,98.63139343261719
2016-10-05,99.0222396850586
2016-10-06,98.89612579345703
2016-10-07,98.13339233398438
2016-10-10,98.98442077636719
2016-10-11,97.57862854003906
2016-10-12,97.26342010498047
2016-10-13,96.90411376953125
2016-10-14,97.36430358886719
2016-10-17,97.56602478027344
2016-10-18,95.01292419433594
2016-10-19,95.35333251953125
2016-10-20,95.51724243164062
2016-10-21,94.3258285522461
2016-10-24,94.91837310791016
2016-10-25,95.1137924194336
2016-10-26,95.70008087158203
2016-10-27,96.67086029052734
2016-10-28,96.20437622070312
2016-10-31,96.88519287109375
2016-11-01,96.31784057617188
2016-11-02,95.78831481933594
2016-11-03,96.05307006835938
2016-11-04,96.09089660644531
2016-11-07,98.16490936279297
2016-11-08,98.70559692382812
2016-11-09,98.47659301757812
2016-11-10,101.9179458618164
2016-11-11,102.58589172363281
2016-11-14,100.63937377929688
2016-11-15,100.93197631835938
2016-11-16,101.32637786865234
2016-11-17,101.65081024169922
2016-11-18,102.02607727050781
2016-11-21,103.5400390625
2016-11-22,103.4764404296875
2016-11-23,103.03751373291016
2016-11-25,103.77543640136719
2016-11-28,104.65323638916016
2016-11-29,104.02348327636719
2016-11-30,103.19019317626953
2016-12-01,101.66350555419922
2016-12-02,101.79070281982422
2016-12-05,101.67623901367188
2016-12-06,102.00065612792969
2016-12-07,104.8249740600586
2016-12-08,105.18757629394531
2016-12-09,105.92547607421875
2016-12-12,105.27665710449219
2016-12-13,107.05136108398438
2016-12-14,107.19135284423828
2016-12-15,106.8796615600586
2016-12-16,106.0590591430664
2016-12-19,106.02726745605469
2016-12-20,106.61245727539062
2016-12-21,106.44071197509766
2016-12-22,106.26897430419922
2016-12-23,106.04634094238281
2016-12-27,106.31982421875
2016-12-28,105.71554565429688
2016-12-29,105.97638702392578
2016-12-30,105.58834075927734
2017-01-03,106.3516845703125
2017-01-04,107.66840362548828
2017-01-05,107.31219482421875
2017-01-06,107.84014892578125
2017-01-09,106.64427947998047
2017-01-10,105.28936004638672
2017-01-11,106.7078857421875
2017-01-12,106.83512115478516
2017-01-13,106.44707489013672
2017-01-17,106.79692840576172
2017-01-18,106.10356903076172
2017-01-19,106.1099624633789
2017-01-20,108.48902130126953
2017-01-23,108.7943115234375
2017-01-24,111.89220428466797
2017-01-25,113.41248321533203
2017-01-26,113.64787292480469
2017-01-27,112.78275299072266
2017-01-30,111.82856750488281
2017-01-31,111.01437377929688
2017-02-01,110.86804962158203
2017-02-02,111.05252075195312
2017-02-03,111.8412857055664
2017-02-06,111.86674499511719
2017-02-07,113.52069091796875
2017-02-08,112.95004272460938
2017-02-09,113.6168441772461
2017-02-10,114.55928802490234
2017-02-13,114.99527740478516
2017-02-14,115.48895263671875
2017-02-15,116.48268127441406
2017-02-16,116.32244110107422
2017-02-17,115.83522033691406
2017-02-21,115.5722885131836
2017-02-22,116.1429214477539
2017-02-23,116.46347045898438
2017-02-24,116.27112579345703
2017-02-27,115.02091217041016
2017-02-28,115.29019165039062
2017-03-01,116.65585327148438
2017-03-02,115.74542999267578
2017-03-03,115.4376449584961
2017-03-06,115.70697021484375
2017-03-07,115.64925384521484
2017-03-08,115.05294799804688
2017-03-09,113.59760284423828
2017-03-10,114.01435852050781
2017-03-13,113.1359634399414
2017-03-14,112.66154479980469
2017-03-15,112.7192153930664
2017-03-16,113.63607788085938
2017-03-17,112.61662292480469
2017-03-20,112.64871978759766
2017-03-21,111.48184204101562
2017-03-22,112.05885314941406
2017-03-23,112.08451080322266
2017-03-24,111.4497299194336
2017-03-27,111.41133880615234
2017-03-28,111.8857421875
2017-03-29,111.52027893066406
2017-03-30,111.4690170288086
2017-03-31,111.64852905273438
2017-04-03,111.87934875488281
2017-04-04,111.89215087890625
2017-04-05,110.84066772460938
2017-04-06,110.56494903564453
2017-04-07,110.36622619628906
2017-04-10,109.76356506347656
2017-04-11,109.36608123779297
2017-04-12,109.41735076904297
2017-04-13,108.69285583496094
2017-04-17,109.69944763183594
2017-04-18,109.0262680053711
2017-04-19,103.66627502441406
2017-04-20,104.057373046875
2017-04-21,102.82640075683594
2017-04-24,103.06361389160156
2017-04-25,102.83279418945312
2017-04-26,102.6212158203125
2017-04-27,102.78792572021484
2017-04-28,102.76872253417969
2017-05-01,101.8390121459961
2017-05-02,102.00572204589844
2017-05-03,101.70441436767578
2017-05-04,101.97369384765625
2017-05-05,99.40911865234375
2017-05-08,99.07246398925781
2017-05-09,98.47686004638672
2017-05-10,97.92005920410156
2017-05-11,97.53163146972656
2017-05-12,97.35038757324219
2017-05-15,98.0884017944336
2017-05-16,99.4932632446289
2017-05-17,97.71294403076172
2017-05-18,97.61578369140625
2017-05-19,98.3926773071289
2017-05-22,98.81995391845703
2017-05-23,98.425048828125
2017-05-24,98.73582458496094
2017-05-25,99.1825180053711
2017-05-26,98.72286224365234
2017-05-30,98.2308578491211
2017-05-31,98.81352233886719
2017-06-01,98.83942413330078
2017-06-02,98.4380111694336
2017-06-05,98.67109680175781
2017-06-06,98.64517211914062
2017-06-07,97.74530029296875
2017-06-08,98.4703598022461
2017-06-09,99.76515197753906
2017-06-12,100.4643783569336
2017-06-13,99.86229705810547
2017-06-14,99.57742309570312
2017-06-15,99.84286499023438
2017-06-16,100.59384155273438
2017-06-19,100.24424743652344
2017-06-20,100.31549835205078
2017-06-21,99.5644760131836
2017-06-22,99.95939636230469
2017-06-23,99.77166748046875
2017-06-26,100.49675750732422
2017-06-27,100.1860122680664
2017-06-28,100.55502319335938
2017-06-29,99.78459167480469
2017-06-30,99.59038543701172
2017-07-03,100.72332763671875
2017-07-05,99.48681640625
2017-07-06,98.63867950439453
2017-07-07,99.01419067382812
2017-07-10,99.324951171875
2017-07-11,99.17604064941406
2017-07-12,99.5062255859375
2017-07-13,99.46090698242188
2017-07-14,99.8558578491211
2017-07-17,99.0594711303711
2017-07-18,99.70046997070312
2017-07-19,95.51171875
2017-07-20,95.59586334228516
2017-07-21,95.22041320800781
2017-07-24,94.51475524902344
2017-07-25,94.64420318603516
2017-07-26,94.10686492919922
2017-07-27,93.91910552978516
2017-07-28,93.41413879394531
2017-07-31,93.66016387939453
2017-08-01,94.0680160522461
2017-08-02,93.5177001953125
2017-08-03,93.83493041992188
2017-08-04,93.97737121582031
2017-08-07,92.88326263427734
2017-08-08,92.97486114501953
2017-08-09,92.75241088867188
2017-08-10,92.79821014404297
2017-08-11,92.79821014404297
2017-08-14,93.11223602294922
2017-08-15,92.9487075805664
2017-08-16,93.23001861572266
2017-08-17,92.05236053466797
2017-08-18,91.39812469482422
2017-08-21,91.81031799316406
2017-08-22,92.25518798828125
2017-08-23,92.99449157714844
2017-08-24,93.51789855957031
2017-08-25,94.041259765625
2017-08-28,93.2365493774414
2017-08-29,93.64873504638672
2017-08-30,93.26924896240234
2017-08-31,93.57676696777344
2017-09-01,94.26371765136719
2017-09-05,93.58328247070312
2017-09-06,94.09362030029297
2017-09-07,93.4916763305664
2017-09-08,93.19728088378906
2017-09-11,94.77405548095703
2017-09-12,95.36284637451172
2017-09-13,95.51335906982422
2017-09-14,95.21892547607422
2017-09-15,94.74787902832031
2017-09-18,94.57122039794922
2017-09-19,94.46654510498047
2017-09-20,95.44136810302734
2017-09-21,95.03570556640625
2017-09-22,94.95068359375
2017-09-25,95.43482971191406
2017-09-26,95.8862533569336
2017-09-27,95.29744720458984
2017-09-28,95.29744720458984
2017-09-29,94.91796112060547
2017-10-02,95.95166778564453
2017-10-03,96.03018951416016
2017-10-04,95.83391571044922
2017-10-05,95.99092864990234
2017-10-06,95.83391571044922
2017-10-09,96.42925262451172
2017-10-10,97.15548706054688
2017-10-11,96.57974243164062
2017-10-12,96.19376373291016
2017-10-13,96.23956298828125
2017-10-16,96.06287384033203
2017-10-17,95.87313842773438
2017-10-18,104.37177276611328
2017-10-19,105.26811981201172
2017-10-20,106.0335922241211
2017-10-23,104.38491821289062
2017-10-24,101.98379516601562
2017-10-25,100.42672729492188
2017-10-26,100.49214935302734
2017-10-27,100.54447937011719
2017-10-30,100.9893569946289
2017-10-31,100.79309844970703
2017-11-01,100.77345275878906
2017-11-02,100.32858276367188
2017-11-03,99.17056274414062
2017-11-06,98.68643951416016
2017-11-07,99.02008819580078
2017-11-08,99.16400909423828
2017-11-09,99.31600952148438
2017-11-10,98.56269073486328
2017-11-13,98.06049346923828
2017-11-14,98.3843002319336
2017-11-15,97.20149230957031
2017-11-16,98.53623962402344
2017-11-17,98.4371566772461
2017-11-20,99.45478820800781
2017-11-21,100.4062728881836
2017-11-22,100.28734588623047
2017-11-24,100.33361053466797
2017-11-27,100.42610931396484
2017-11-28,100.7498779296875
2017-11-29,101.46353912353516
2017-11-30,101.74108123779297
2017-12-01,102.26309204101562
2017-12-04,103.38644409179688
2017-12-05,102.6529769897461
2017-12-06,101.82695007324219
2017-12-07,101.47677612304688
2017-12-08,102.29612731933594
2017-12-11,102.69264221191406
2017-12-12,103.57147979736328
2017-12-13,101.70144653320312
2017-12-14,101.76091766357422
2017-12-15,100.76974487304688
2017-12-18,101.31820678710938
2017-12-19,101.25211334228516
2017-12-20,101.06706237792969
2017-12-21,100.10895538330078
2017-12-22,100.76974487304688
2017-12-26,100.98780059814453
2017-12-27,101.18602752685547
2017-12-28,101.78732299804688
2017-12-29,101.37763214111328
2018-01-02,101.9261245727539
2018-01-03,104.72785949707031
2018-01-04,106.84898376464844
2018-01-05,107.37095642089844
2018-01-08,108.01854705810547
2018-01-09,108.25642395019531
2018-01-10,108.4876937866211
2018-01-11,108.50092315673828
2018-01-12,107.80046081542969
2018-01-16,108.26964569091797
2018-01-17,111.44141387939453
2018-01-18,111.75199127197266
2018-01-19,107.29167938232422
2018-01-22,107.44364929199219
2018-01-23,109.85552978515625
2018-01-24,109.27400970458984
2018-01-25,109.3401107788086
2018-01-26,110.5757827758789
2018-01-29,110.21892547607422
2018-01-30,108.11766815185547
2018-01-31,108.1705322265625
2018-02-01,107.3115234375
2018-02-02,105.08466339111328
2018-02-05,100.78952026367188
2018-02-06,102.64636993408203
2018-02-07,101.66179656982422
2018-02-08,98.4854965209961
2018-02-09,99.76669311523438
2018-02-12,101.02783203125
2018-02-13,100.59413146972656
2018-02-14,103.26996612548828
2018-02-15,104.10408020019531
2018-02-16,104.21752166748047
2018-02-20,103.5368881225586
2018-02-21,102.73612213134766
2018-02-22,102.21564483642578
2018-02-23,103.777099609375
2018-02-26,105.81902313232422
2018-02-27,104.46442413330078
2018-02-28,103.98393249511719
2018-03-01,102.63603973388672
2018-03-02,103.08980560302734
2018-03-05,104.7313232421875
2018-03-06,103.91055297851562
2018-03-07,105.64552307128906
2018-03-08,104.23753356933594
2018-03-09,106.30612182617188
2018-03-12,106.94004821777344
2018-03-13,106.31279754638672
2018-03-14,105.51205444335938
2018-03-15,106.50631713867188
2018-03-16,106.94004821777344
2018-03-19,104.99823760986328
2018-03-20,104.23084259033203
2018-03-21,104.55782318115234
2018-03-22,101.48829650878906
2018-03-23,99.35295104980469
2018-03-26,102.3424072265625
2018-03-27,101.3681869506836
2018-03-28,101.7752456665039
2018-03-29,102.38247680664062
2018-04-02,100.14035034179688
2018-04-03,99.99353790283203
2018-04-04,102.84288787841797
2018-04-05,102.78282928466797
2018-04-06,100.47403717041016
2018-04-09,101.88865661621094
2018-04-10,103.69036102294922
2018-04-11,103.67031860351562
2018-04-12,105.47867584228516
2018-04-13,104.5711669921875
2018-04-16,105.35859680175781
2018-04-17,107.373779296875
2018-04-18,99.2862319946289
2018-04-19,98.55887603759766
2018-04-20,96.69047546386719
2018-04-23,97.33106994628906
2018-04-24,97.13090515136719
2018-04-25,97.38443756103516
2018-04-26,97.90495300292969
2018-04-27,97.74478912353516
2018-04-30,96.73051452636719
2018-05-01,96.75719451904297
2018-05-02,95.05561828613281
2018-05-03,94.74861907958984
2018-05-04,96.02985382080078
2018-05-07,95.56941986083984
2018-05-08,95.4226303100586
2018-05-09,96.21875
2018-05-10,97.31851196289062
2018-05-11,97.25105285644531
2018-05-14,97.3590087890625
2018-05-15,96.98117065429688
2018-05-16,97.58165740966797
2018-05-17,97.49395751953125
2018-05-18,97.21055603027344
2018-05-21,98.16189575195312
2018-05-22,97.89200592041016
2018-05-23,97.60863494873047
2018-05-24,97.20382690429688
2018-05-25,96.91371154785156
2018-05-29,95.28089141845703
2018-05-30,96.22550964355469
2018-05-31,95.3416519165039
2018-06-01,95.77345275878906
2018-06-04,96.50889587402344
2018-06-05,96.95417785644531
2018-06-06,97.63561248779297
2018-06-07,98.07418823242188
2018-06-08,98.60045623779297
2018-06-11,98.89733123779297
2018-06-12,99.09297943115234
2018-06-13,98.74212646484375
2018-06-14,97.96622467041016
2018-06-15,98.09441375732422
2018-06-18,97.48046112060547
2018-06-19,97.08912658691406
2018-06-20,96.23229217529297
2018-06-21,95.30116271972656
2018-06-22,95.3214111328125
2018-06-25,93.64139556884766
2018-06-26,93.83708953857422
2018-06-27,92.75755310058594
2018-06-28,94.48480224609375
2018-06-29,94.2553939819336
2018-07-02,94.36332702636719
2018-07-03,94.16767120361328
2018-07-05,95.42261505126953
2018-07-06,96.13106536865234
2018-07-09,97.41972351074219
2018-07-10,97.63561248779297
2018-07-11,97.79080963134766
2018-07-12,98.80961608886719
2018-07-13,98.43849182128906
2018-07-16,98.14165496826172
2018-07-17,96.8124771118164
2018-07-18,97.50743865966797
2018-07-19,100.69200134277344
2018-07-20,98.74212646484375
2018-07-23,98.30358123779297
2018-07-24,98.76237487792969
2018-07-25,98.92433166503906
2018-07-26,98.98503875732422
2018-07-27,97.93248748779297
2018-07-30,98.16189575195312
2018-07-31,97.78406524658203
2018-08-01,96.81922912597656
2018-08-02,96.45489501953125
2018-08-03,99.65296936035156
2018-08-06,98.5262222290039
2018-08-07,99.18743896484375
2018-08-08,99.10646057128906
2018-08-09,98.7313461303711
2018-08-10,98.53361511230469
2018-08-13,97.32647705078125
2018-08-14,97.76976776123047
2018-08-15,98.1448745727539
2018-08-16,99.12010955810547
2018-08-17,99.61113739013672
2018-08-20,99.91803741455078
2018-08-21,99.54975128173828
2018-08-22,99.05191040039062
2018-08-23,99.14054870605469
2018-08-24,99.59748840332031
2018-08-27,100.04077911376953
2018-08-28,99.97259521484375
2018-08-29,100.6204833984375
2018-08-30,99.52247619628906
2018-08-31,99.89755249023438
2018-09-04,99.35196685791016
2018-09-05,100.02034759521484
2018-09-06,99.836181640625
2018-09-07,99.19512939453125
2018-09-10,99.33151245117188
2018-09-11,99.90438079833984
2018-09-12,99.95892333984375
2018-09-13,101.58207702636719
2018-09-14,101.15922546386719
2018-09-17,100.89329528808594
2018-09-18,101.31613159179688
2018-09-19,101.65709686279297
2018-09-20,103.08244323730469
2018-09-21,103.2188720703125
2018-09-24,102.31864166259766
2018-09-25,101.55479431152344
2018-09-26,103.39616394042969
2018-09-27,103.32115936279297
2018-09-28,103.12335205078125
2018-10-01,104.3441162109375
2018-10-02,104.85562896728516
2018-10-03,104.49415588378906
2018-10-04,103.19157409667969
2018-10-05,101.63664245605469
2018-10-08,101.20016479492188
2018-10-09,100.41590118408203
2018-10-10,97.31282043457031
2018-10-11,94.80994415283203
2018-10-12,96.05799102783203
2018-10-15,96.24893951416016
2018-10-16,98.97003936767578
2018-10-17,91.42045593261719
2018-10-18,89.03351593017578
2018-10-19,88.04464721679688
2018-10-22,88.67205810546875
2018-10-23,89.483642578125
2018-10-24,86.75567626953125
2018-10-25,86.23735809326172
2018-10-26,85.10526275634766
2018-10-29,81.59302520751953
2018-10-30,78.70138549804688
2018-10-31,78.72183990478516
2018-11-01,79.67664337158203
2018-11-02,78.88551330566406
2018-11-05,81.87947845458984
2018-11-06,83.9663314819336
2018-11-07,85.13936614990234
2018-11-08,85.2153091430664
2018-11-09,85.32584381103516
2018-11-12,83.50247192382812
2018-11-13,83.46102142333984
2018-11-14,83.01896667480469
2018-11-15,83.87542724609375
2018-11-16,83.96519470214844
2018-11-19,83.09495544433594
2018-11-20,80.94697570800781
2018-11-21,81.89318084716797
2018-11-23,80.94004821777344
2018-11-26,82.57696533203125
2018-11-27,82.90157318115234
2018-11-28,84.952880859375
2018-11-29,83.90304565429688
2018-11-30,85.83003997802734
2018-12-03,86.54833221435547
2018-12-04,83.98594665527344
2018-12-06,85.5813980102539
2018-12-07,82.42501831054688
2018-12-10,83.66130828857422
2018-12-11,83.49555969238281
2018-12-12,83.68205261230469
2018-12-13,83.38504791259766
2018-12-14,82.8117904663086
2018-12-17,80.18722534179688
2018-12-18,80.56709289550781
2018-12-19,80.41514587402344
2018-12-20,78.05994415283203
2018-12-21,76.62335968017578
2018-12-24,74.29576110839844
2018-12-26,76.93415069580078
2018-12-27,78.58487701416016
2018-12-28,78.06685638427734
2018-12-31,78.5088882446289
2019-01-02,79.57252502441406
2019-01-03,77.98397064208984
2019-01-04,81.02985382080078
2019-01-07,81.60308837890625
2019-01-08,82.763427734375
2019-01-09,83.35741424560547
2019-01-10,84.1171646118164
2019-01-11,83.88921356201172
2019-01-14,83.15023040771484
2019-01-15,84.07571411132812
2019-01-16,83.99974060058594
2019-01-17,84.39342498779297
2019-01-18,85.51923370361328
2019-01-22,84.621337890625
2019-01-23,91.78364562988281
2019-01-24,91.53499603271484
2019-01-25,92.52957153320312
2019-01-28,92.73677062988281
2019-01-29,92.77821350097656
2019-01-30,92.812744140625
2019-01-31,92.84037017822266
2019-02-01,92.61936950683594
2019-02-04,93.37220001220703
2019-02-05,93.62083435058594
2019-02-06,94.15264129638672
2019-02-07,93.06265258789062
2019-02-08,93.42595672607422
2019-02-11,93.62161254882812
2019-02-12,95.06100463867188
2019-02-13,96.08810424804688
2019-02-14,95.3614501953125
2019-02-15,96.44446563720703
2019-02-19,96.91261291503906
2019-02-20,96.42350769042969
2019-02-21,96.31169128417969
2019-02-22,97.29689025878906
2019-02-25,97.44363403320312
2019-02-26,97.62530517578125
2019-02-27,97.24101257324219
2019-02-28,96.51432800292969
2019-03-01,97.26197052001953
2019-03-04,96.72393035888672
2019-03-05,96.33964538574219
2019-03-06,95.71080780029297
2019-03-07,94.57886505126953
2019-03-08,94.39022827148438
2019-03-11,96.2208480834961
2019-03-12,96.61913299560547
2019-03-13,96.81477355957031
2019-03-14,96.97547149658203
2019-03-15,97.42266082763672
2019-03-18,97.96766662597656
2019-03-19,98.16331481933594
2019-03-20,97.54145050048828
2019-03-21,98.82708740234375
2019-03-22,97.43663787841797
2019-03-25,97.24800872802734
2019-03-26,97.97464752197266
2019-03-27,97.28990936279297
2019-03-28,97.76502227783203
2019-03-29,98.58955383300781
2019-04-01,100.12673950195312
2019-04-02,99.91710662841797
2019-04-03,100.3572998046875
2019-04-04,99.76339721679688
2019-04-05,100.11273956298828
2019-04-08,100.18961334228516
2019-04-09,99.29522705078125
2019-04-10,99.93109893798828
2019-04-11,100.46210479736328
2019-04-12,100.86039733886719
2019-04-15,100.54596710205078
2019-04-16,101.41238403320312
2019-04-17,97.19906616210938
2019-04-18,98.0515365600586
2019-04-22,97.04535675048828
2019-04-23,98.12835693359375
2019-04-24,97.78602600097656
2019-04-25,96.86370086669922
2019-04-26,97.42965698242188
2019-04-29,97.15714263916016
2019-04-30,98.00958251953125
2019-05-01,98.21221923828125
2019-05-02,97.53446197509766
2019-05-03,97.99559020996094
2019-05-06,98.08644104003906
2019-05-07,96.17194366455078
2019-05-08,96.42350769042969
2019-05-09,95.68818664550781
2019-05-10,95.67405700683594
2019-05-13,92.91667175292969
2019-05-14,94.25294494628906
2019-05-15,95.02360534667969
2019-05-16,96.06996154785156
2019-05-17,94.96703338623047
2019-05-20,95.53265380859375
2019-05-21,96.47298431396484
2019-05-22,96.40228271484375
2019-05-23,93.60248565673828
2019-05-24,93.52470397949219
2019-05-28,92.23794555664062
2019-05-29,91.6935043334961
2019-05-30,91.60868072509766
2019-05-31,89.78457641601562
2019-06-03,90.68955993652344
2019-06-04,93.8145980834961
2019-06-05,92.9661636352539
2019-06-06,93.48228454589844
2019-06-07,94.25294494628906
2019-06-10,95.26396179199219
2019-06-11,96.11947631835938
2019-06-12,95.35589599609375
2019-06-13,95.98513793945312
2019-06-14,95.55386352539062
2019-06-17,95.41242980957031
2019-06-18,96.42351531982422
2019-06-19,96.91840362548828
2019-06-20,98.16983032226562
2019-06-21,98.41728210449219
2019-06-24,98.5233383178711
2019-06-25,97.82339477539062
2019-06-26,97.9365234375
2019-06-27,97.9365234375
2019-06-28,97.49817657470703
2019-07-01,98.89805603027344
2019-07-02,99.13846588134766
2019-07-03,100.07172393798828
2019-07-05,99.95860290527344
2019-07-08,99.38591766357422
2019-07-09,98.50921630859375
2019-07-10,99.31520080566406
2019-07-11,99.85962677001953
2019-07-12,100.92015075683594
2019-07-15,101.33023071289062
2019-07-16,101.47869873046875
2019-07-17,101.1534652709961
2019-07-18,105.79151916503906
2019-07-19,105.8268814086914
2019-07-22,105.86927795410156
2019-07-23,106.32180786132812
2019-07-24,106.07435607910156
2019-07-25,106.32884979248047
2019-07-26,107.01465606689453
2019-07-29,106.67529296875
2019-07-30,105.89055633544922
2019-07-31,104.80875396728516
2019-08-01,106.27935791015625
2019-08-02,104.10879516601562
2019-08-05,99.52024841308594
2019-08-06,99.4990234375
2019-08-07,98.35366821289062
2019-08-08,100.22071838378906
2019-08-09,97.38078308105469
2019-08-12,95.62102508544922
2019-08-13,97.13755798339844
2019-08-14,93.88988494873047
2019-08-15,94.36914825439453
2019-08-16,95.68540954589844
2019-08-19,96.60105895996094
2019-08-20,95.14173889160156
2019-08-21,96.03594207763672
2019-08-22,96.08599090576172
2019-08-23,92.68807983398438
2019-08-26,92.98854064941406
2019-08-27,93.83263397216797
2019-08-28,94.97003173828125
2019-08-29,96.4865951538086
2019-08-30,96.95159149169922
2019-09-03,95.92863464355469
2019-09-04,97.5167007446289
2019-09-05,100.84307861328125
2019-09-06,100.55696105957031
2019-09-09,102.00910949707031
2019-09-10,103.76172637939453
2019-09-11,102.72444915771484
2019-09-12,102.73875427246094
2019-09-13,102.7745361328125
2019-09-16,101.92327880859375
2019-09-17,101.72294616699219
2019-09-18,101.7372817993164
2019-09-19,102.2737808227539
2019-09-20,101.49404907226562
2019-09-23,101.62997436523438
2019-09-24,101.35098266601562
2019-09-25,102.40969848632812
2019-09-26,102.68867492675781
2019-09-27,102.4669418334961
2019-09-30,104.02639770507812
2019-10-01,102.76737976074219
2019-10-02,101.3581314086914
2019-10-03,101.5942153930664
2019-10-04,102.28807830810547
2019-10-07,101.06484985351562
2019-10-08,98.99031829833984
2019-10-09,99.91312408447266
2019-10-10,100.9575424194336
2019-10-11,102.12356567382812
2019-10-14,101.60851287841797
2019-10-15,102.29524230957031
2019-10-16,101.65858459472656
2019-10-17,96.04307556152344
2019-10-18,95.92147064208984
2019-10-21,94.8412857055664
2019-10-22,95.82847595214844
2019-10-23,96.12890625
2019-10-24,95.90715789794922
2019-10-25,96.88717651367188
2019-10-28,97.26632690429688
2019-10-29,95.72833251953125
2019-10-30,96.75128173828125
2019-10-31,95.6639404296875
2019-11-01,96.95159149169922
2019-11-04,98.48240661621094
2019-11-05,98.63978576660156
2019-11-06,99.27647399902344
2019-11-07,99.66007232666016
2019-11-08,99.60218811035156
2019-11-11,98.0532455444336
2019-11-12,98.14009094238281
2019-11-13,97.33666229248047
2019-11-14,96.9892578125
2019-11-15,97.27877807617188
2019-11-18,97.213623046875
2019-11-19,97.36561584472656
2019-11-20,96.41023254394531
2019-11-21,96.87344360351562
2019-11-22,97.23533630371094
2019-11-25,98.41513061523438
2019-11-26,97.7781982421875
2019-11-27,96.82279205322266
2019-11-29,97.31494903564453
2019-12-02,96.2003173828125
2019-12-03,95.62850952148438
2019-12-04,95.534423828125
2019-12-05,95.47653198242188
2019-12-06,96.4246826171875
2019-12-09,96.93135070800781
2019-12-10,96.92412567138672
2019-12-11,96.8155517578125
2019-12-12,97.94466400146484
2019-12-13,97.14126586914062
2019-12-16,97.0833511352539
2019-12-17,97.14849853515625
2019-12-18,97.28600311279297
2019-12-19,97.39456939697266
2019-12-20,98.14009094238281
2019-12-23,98.11114501953125
2019-12-24,97.69857025146484
2019-12-26,97.6479263305664
2019-12-27,97.90847778320312
2019-12-30,96.12794494628906
2019-12-31,97.0182113647461
2020-01-02,98.0170669555664
2020-01-03,97.23533630371094
2020-01-06,97.06163024902344
2020-01-07,97.12677001953125
2020-01-08,97.93743133544922
2020-01-09,98.97246551513672
2020-01-10,98.936279296875
2020-01-13,98.8711166381836
2020-01-14,98.30657196044922
2020-01-15,98.88561248779297
2020-01-16,99.86998748779297
2020-01-17,100.10883331298828
2020-01-21,100.7313003540039
2020-01-22,104.14763641357422
2020-01-23,103.40936279296875
2020-01-24,101.73739624023438
2020-01-27,100.33321380615234
2020-01-28,101.00631713867188
2020-01-29,99.66007232666016
2020-01-30,98.9941635131836
2020-01-31,104.0318374633789
2020-02-03,105.87026977539062
2020-02-04,107.92587280273438
2020-02-05,113.15171813964844
2020-02-06,113.46294403076172
2020-02-07,112.19770050048828
2020-02-10,112.94369506835938
2020-02-11,112.24889373779297
2020-02-12,113.58727264404297
2020-02-13,112.85594177246094
2020-02-14,110.21571350097656
2020-02-18,110.50823211669922
2020-02-19,110.33271026611328
2020-02-20,110.59602355957031
2020-02-21,109.58675384521484
2020-02-24,107.09284210205078
2020-02-25,103.64080810546875
2020-02-26,102.20735168457031
2020-02-27,97.35111999511719
2020-02-28,95.18628692626953
2020-03-02,98.22142791748047
2020-03-03,94.2720947265625
2020-03-04,98.16292572021484
2020-03-05,94.74747467041016
2020-03-06,93.41641235351562
2020-03-09,86.16134643554688
2020-03-10,91.25160217285156
2020-03-11,86.27835845947266
2020-03-12,75.19095611572266
2020-03-13,78.95014190673828
2020-03-16,72.4629898071289
2020-03-17,77.99938201904297
2020-03-18,75.73216247558594
2020-03-19,73.38453674316406
2020-03-20,69.7642822265625
2020-03-23,69.31084442138672
2020-03-24,77.14368438720703
2020-03-25,77.41429901123047
2020-03-26,82.56304931640625
2020-03-27,79.0086441040039
2020-03-30,82.59230041503906
2020-03-31,81.12960052490234
2020-04-01,76.89502716064453
2020-04-02,80.4494400024414
2020-04-03,77.77265930175781
2020-04-06,83.97457122802734
2020-04-07,84.06233215332031
2020-04-08,87.2437515258789
2020-04-09,88.86006927490234
2020-04-13,88.60408020019531
2020-04-14,90.62261199951172
2020-04-15,86.80494689941406
2020-04-16,84.64009857177734
2020-04-17,87.85075378417969
2020-04-20,88.06289672851562
2020-04-21,85.39340209960938
2020-04-22,87.25836944580078
2020-04-23,88.75035095214844
2020-04-24,91.21503448486328
2020-04-27,92.09265899658203
2020-04-28,92.3486328125
2020-04-29,94.1185073852539
2020-04-30,91.82936096191406
2020-05-01,89.13065338134766
2020-05-04,88.99169921875
2020-05-05,89.6499252319336
2020-05-06,90.08142852783203
2020-05-07,89.8516616821289
2020-05-08,91.1561050415039
2020-05-11,90.8596420288086
2020-05-12,89.13272094726562
2020-05-13,85.77523803710938
2020-05-14,86.67945861816406
2020-05-15,86.70169067382812
2020-05-18,90.09623718261719
2020-05-19,89.15496826171875
2020-05-20,89.96282958984375
2020-05-21,88.28780364990234
2020-05-22,87.74674224853516
2020-05-26,90.2444839477539
2020-05-27,93.04608154296875
2020-05-28,92.29751586914062
2020-05-29,92.57173919677734
2020-06-01,92.56432342529297
2020-06-02,93.38700866699219
2020-06-03,95.64757537841797
2020-06-04,95.52900695800781
2020-06-05,97.87848663330078
2020-06-08,100.6134033203125
2020-06-09,97.7376937866211
2020-06-10,96.25533294677734
2020-06-11,87.46510314941406
2020-06-12,90.35563659667969
2020-06-15,90.1629409790039
2020-06-16,92.75702667236328
2020-06-17,92.01585388183594
2020-06-18,92.02327728271484
2020-06-19,90.77071380615234
2020-06-22,89.73307037353516
2020-06-23,88.50273132324219
2020-06-24,86.28663635253906
2020-06-25,88.22108459472656
2020-06-26,86.85735321044922
2020-06-29,88.75473022460938
2020-06-30,89.51072692871094
2020-07-01,87.85791778564453
2020-07-02,88.71765899658203
2020-07-06,89.0808334350586
2020-07-07,87.14639282226562
2020-07-08,87.24275207519531
2020-07-09,85.76040649414062
2020-07-10,87.71708679199219
2020-07-13,88.34709167480469
2020-07-14,89.38471984863281
2020-07-15,91.16352081298828
2020-07-16,91.91210174560547
2020-07-17,92.72738647460938
2020-07-20,93.66124725341797
2020-07-21,93.4314956665039
2020-07-22,95.36593627929688
2020-07-23,94.37277221679688
2020-07-24,93.23137664794922
2020-07-27,93.54265594482422
2020-07-28,92.25303649902344
2020-07-29,92.88301849365234
2020-07-30,91.08941650390625
2020-07-31,91.11905670166016
2020-08-03,92.13444519042969
2020-08-04,93.2684326171875
2020-08-05,92.97940063476562
2020-08-06,93.4759750366211
2020-08-07,93.82888793945312
2020-08-10,95.4432373046875
2020-08-11,95.17292022705078
2020-08-12,95.13538360595703
2020-08-13,93.88141632080078
2020-08-14,94.06163787841797
2020-08-17,93.43843078613281
2020-08-18,93.798828125
2020-08-19,92.98788452148438
2020-08-20,92.46979522705078
2020-08-21,92.47731018066406
2020-08-24,94.36949920654297
2020-08-25,93.5886001586914
2020-08-26,93.23568725585938
2020-08-27,93.5960922241211
2020-08-28,93.9114761352539
2020-08-31,92.58995056152344
2020-09-01,92.65750885009766
2020-09-02,96.2466812133789
2020-09-03,93.44593048095703
2020-09-04,91.83154296875
2020-09-08,91.01309967041016
2020-09-09,91.801513671875
2020-09-10,90.52503204345703
2020-09-11,91.20082092285156
2020-09-14,91.67385864257812
2020-09-15,91.93669128417969
2020-09-16,93.27322387695312
2020-09-17,93.798828125
2020-09-18,92.17695617675781
2020-09-21,90.29228210449219
2020-09-22,90.48749542236328
2020-09-23,89.22604370117188
2020-09-24,88.67037200927734
2020-09-25,89.3161392211914
2020-09-28,91.403564453125
2020-09-29,90.81037902832031
2020-09-30,91.35850524902344
2020-10-01,90.92298889160156
2020-10-02,90.53254699707031
2020-10-05,91.61378479003906
2020-10-06,91.58377075195312
2020-10-07,93.16060638427734
2020-10-08,98.73206329345703
2020-10-09,95.95384979248047
2020-10-12,95.51831817626953
2020-10-13,93.93399047851562
2020-10-14,94.56472778320312
2020-10-15,93.77630615234375
2020-10-16,94.55719757080078
2020-10-19,94.24935913085938
2020-10-20,88.12974548339844
2020-10-21,86.39525604248047
2020-10-22,86.92086029052734
2020-10-23,87.10107421875
2020-10-26,84.26277160644531
2020-10-27,83.0163345336914
2020-10-28,80.0804214477539
2020-10-29,81.77739715576172
2020-10-30,83.84227752685547
2020-11-02,84.78087615966797
2020-11-03,85.7194595336914
2020-11-04,84.02249145507812
2020-11-05,86.17749786376953
2020-11-06,85.62935638427734
2020-11-09,88.00605010986328
2020-11-10,89.81902313232422
2020-11-11,89.27819061279297
2020-11-12,87.22144317626953
2020-11-13,89.0115737915039
2020-11-16,90.1618423461914
2020-11-17,89.65906524658203
2020-11-18,88.95062255859375
2020-11-19,89.2629623413086
2020-11-20,89.08013153076172
2020-11-23,91.47966766357422
2020-11-24,94.778076171875
2020-11-25,94.61048889160156
2020-11-27,94.72474670410156
2020-11-30,94.09249877929688
2020-12-01,93.81828308105469
2020-12-02,94.9304428100586
2020-12-03,94.16107177734375
2020-12-04,96.8957748413086
2020-12-07,94.99138641357422
2020-12-08,95.76074981689453
2020-12-09,96.58345794677734
2020-12-10,95.189453125
2020-12-11,94.66381072998047
2020-12-14,94.10011291503906
2020-12-15,95.92832946777344
2020-12-16,95.63888549804688
2020-12-17,95.63888549804688
2020-12-18,95.86741638183594
2020-12-21,93.99348449707031
2020-12-22,94.16107177734375
2020-12-23,94.38197326660156
2020-12-24,94.98374938964844
2020-12-28,95.08280181884766
2020-12-29,94.30579376220703
2020-12-30,94.71713256835938
2020-12-31,95.8902587890625
2021-01-04,94.41243743896484
2021-01-05,96.08830261230469
2021-01-06,98.48786926269531
2021-01-07,98.25933074951172
2021-01-08,97.90892028808594
2021-01-11,97.9469985961914
2021-01-12,98.42689514160156
2021-01-13,96.68251037597656
2021-01-14,98.24410247802734
2021-01-15,97.80226135253906
2021-01-19,98.28218841552734
2021-01-20,99.08963775634766
2021-01-21,100.28560638427734
2021-01-22,90.3522720336914
2021-01-25,90.32940673828125
2021-01-26,93.30787658691406
2021-01-27,93.29266357421875
2021-01-28,91.47206115722656
2021-01-29,90.73316192626953
2021-02-01,91.82247161865234
2021-02-02,90.98452758789062
2021-02-03,90.74077606201172
2021-02-04,92.1881103515625
2021-02-05,92.77467346191406
2021-02-08,94.16107177734375
2021-02-09,94.25370025634766
2021-02-10,94.36177062988281
2021-02-11,93.33509063720703
2021-02-12,93.25016021728516
2021-02-16,92.6866226196289
2021-02-17,92.60945892333984
2021-02-18,93.1961441040039
2021-02-19,91.85298156738281
2021-02-22,93.29647827148438
2021-02-23,93.18069458007812
2021-02-24,95.11055755615234
2021-02-25,94.539306640625
2021-02-26,91.806640625
2021-03-01,93.20384216308594
2021-03-02,92.88736724853516
2021-03-03,94.45440673828125
2021-03-04,92.71753692626953
2021-03-05,94.81720733642578
2021-03-08,96.34564208984375
2021-03-09,95.85932922363281
2021-03-10,98.70777893066406
2021-03-11,98.1442642211914
2021-03-12,98.50706481933594
2021-03-15,99.25585174560547
2021-03-16,98.99340057373047
2021-03-17,99.60321807861328
2021-03-18,100.39833068847656
2021-03-19,99.50287628173828
2021-03-22,100.77656555175781
2021-03-23,100.70711517333984
2021-03-24,100.83062744140625
2021-03-25,102.72185516357422
2021-03-26,105.27699279785156
2021-03-29,104.87560272216797
2021-03-30,103.99556732177734
2021-03-31,102.86852264404297
2021-04-01,102.8453598022461
2021-04-05,104.92960357666016
2021-04-06,103.6095962524414
2021-04-07,104.15765380859375
2021-04-08,104.30432891845703
2021-04-09,104.77523040771484
2021-04-12,103.89521026611328
2021-04-13,101.26287841796875
2021-04-14,102.38219451904297
2021-04-15,102.3436050415039
2021-04-16,103.1232681274414
2021-04-19,102.76046752929688
2021-04-20,106.6510238647461
2021-04-21,110.81175994873047
2021-04-22,109.05946350097656
2021-04-23,109.94720458984375
2021-04-26,109.28334045410156
2021-04-27,109.62299346923828
2021-04-28,110.38720703125
2021-04-29,111.34440612792969
2021-04-30,109.52262878417969
2021-05-03,111.7381362915039
2021-05-04,112.51006317138672
2021-05-05,112.10091400146484
2021-05-06,114.5711441040039
2021-05-07,113.54077911376953
2021-05-10,114.0949935913086
2021-05-11,112.57286834716797
2021-05-12,110.29363250732422
2021-05-13,112.53385925292969
2021-05-14,112.93195343017578
2021-05-17,113.26758575439453
2021-05-18,112.33094024658203
2021-05-19,111.76891326904297
2021-05-20,112.30745697021484
2021-05-21,112.97879028320312
2021-05-24,112.9631576538086
2021-05-25,112.23724365234375
2021-05-26,111.91720581054688
2021-05-27,112.26065826416016
2021-05-28,112.19821166992188
2021-06-01,112.5494613647461
2021-06-02,113.74372100830078
2021-06-03,113.61103820800781
2021-06-04,115.0706558227539
2021-06-07,115.53902435302734
2021-06-08,116.35859680175781
2021-06-09,117.60751342773438
2021-06-10,117.50602722167969
2021-06-11,118.08363342285156
2021-06-14,117.10797119140625
2021-06-15,116.58496856689453
2021-06-16,115.39070129394531
2021-06-17,113.65007781982422
2021-06-18,111.7142562866211
2021-06-21,114.46963500976562
2021-06-22,114.2433090209961
2021-06-23,112.87730407714844
2021-06-24,113.5251693725586
2021-06-25,114.61795806884766
2021-06-28,113.40807342529297
2021-06-29,113.61103820800781
2021-06-30,114.42281341552734
2021-07-01,114.61795806884766
2021-07-02,109.29452514648438
2021-07-06,108.32661437988281
2021-07-07,109.1384048461914
2021-07-08,109.85652923583984
2021-07-09,110.46536254882812
2021-07-12,109.99702453613281
2021-07-13,109.49744415283203
2021-07-14,109.1384048461914
2021-07-15,109.63016510009766
2021-07-16,108.42027282714844
2021-07-19,107.65533447265625
2021-07-20,109.25548553466797
2021-07-21,110.29363250732422
2021-07-22,109.83309936523438
2021-07-23,110.3248519897461
2021-07-26,111.44107818603516
2021-07-27,111.42545318603516
2021-07-28,110.6604995727539
2021-07-29,110.7853775024414
2021-07-30,110.02825164794922
2021-08-02,110.3873062133789
2021-08-03,112.45580291748047
2021-08-04,111.43327331542969
2021-08-05,111.44107818603516
2021-08-06,112.47140502929688
2021-08-09,111.52393341064453
2021-08-10,111.62660217285156
2021-08-11,112.21874237060547
2021-08-12,112.96092987060547
2021-08-13,113.04779815673828
2021-08-16,113.37149810791016
2021-08-17,112.4477310180664
2021-08-18,110.1185531616211
2021-08-19,108.97370147705078
2021-08-20,109.83430480957031
2021-08-23,110.23698425292969
2021-08-24,110.41069030761719
2021-08-25,110.42645263671875
2021-08-26,109.57376861572266
2021-08-27,110.07119750976562
2021-08-30,109.72377014160156
2021-08-31,110.80545043945312
2021-09-01,109.98429107666016
2021-09-02,110.54489135742188
2021-09-03,110.20541381835938
2021-09-07,109.00528717041016
2021-09-08,109.48692321777344
2021-09-09,108.75260162353516
2021-09-10,108.18413543701172
2021-09-13,109.07632446289062
2021-09-14,107.55252838134766
2021-09-15,108.32627868652344
2021-09-16,107.71830749511719
2021-09-17,106.77085876464844
2021-09-20,106.04447937011719
2021-09-21,104.9864730834961
2021-09-22,106.297119140625
2021-09-23,107.9551773071289
2021-09-24,108.55522918701172
2021-09-27,109.40005493164062
2021-09-28,108.5394287109375
2021-09-29,109.88958740234375
2021-09-30,109.69219207763672
2021-10-01,113.15833282470703
2021-10-04,113.78204345703125
2021-10-05,113.02407836914062
2021-10-06,112.40036010742188
2021-10-07,111.96610260009766
2021-10-08,113.07935333251953
2021-10-11,112.45563507080078
2021-10-12,110.90809631347656
2021-10-13,111.13707733154297
2021-10-14,113.21361541748047
2021-10-15,114.17684936523438
2021-10-18,112.3687744140625
2021-10-19,112.10031127929688
2021-10-20,112.03715515136719
2021-10-21,101.32295227050781
2021-10-22,100.96765899658203
2021-10-25,100.77816009521484
2021-10-26,100.37550354003906
2021-10-27,98.82799530029297
2021-10-28,99.35697174072266
2021-10-29,98.77271270751953
2021-11-01,99.70437622070312
2021-11-02,99.62544250488281
2021-11-03,100.37550354003906
2021-11-04,99.80631256103516
2021-11-05,102.0857162475586
2021-11-08,102.85376739501953
2021-11-09,101.13814544677734
2021-11-10,100.61090850830078
2021-11-11,100.65274047851562
2021-11-12,99.55642700195312
2021-11-15,99.48111724853516
2021-11-16,99.13796997070312
2021-11-17,98.80320739746094
2021-11-18,97.63159942626953
2021-11-19,97.12107849121094
2021-11-22,97.47257232666016
2021-11-23,97.74038696289062
2021-11-24,97.6901626586914
2021-11-26,96.92022705078125
2021-11-29,99.17144775390625
2021-11-30,97.99978637695312
2021-12-01,97.84916687011719
2021-12-02,97.83243560791016
2021-12-03,99.45599365234375
2021-12-06,100.35147094726562
2021-12-07,101.74907684326172
2021-12-08,102.95420837402344
2021-12-09,103.41449737548828
2021-12-10,103.84967803955078
2021-12-13,102.58596801757812
2021-12-14,103.57350158691406
2021-12-15,103.02952575683594
2021-12-16,105.38956451416016
2021-12-17,106.61978149414062
2021-12-20,106.33522033691406
2021-12-21,107.93370056152344
2021-12-22,108.58646392822266
2021-12-23,109.32294464111328
2021-12-27,110.15144348144531
2021-12-28,110.99671173095703
2021-12-29,111.59928131103516
2021-12-30,112.06793212890625
2021-12-31,111.85869598388672
2022-01-03,113.85049438476562
2022-01-04,115.50753784179688
2022-01-05,115.67493438720703
2022-01-06,113.2646713256836
2022-01-07,112.83788299560547
2022-01-10,113.0052261352539
2022-01-11,111.19755554199219
2022-01-12,111.80011749267578
2022-01-13,112.779296875
2022-01-14,112.3189926147461
2022-01-18,111.25615692138672
2022-01-19,110.11798858642578
2022-01-20,109.48194885253906
2022-01-21,108.25171661376953
2022-01-24,107.80816650390625
2022-01-25,113.90071105957031
2022-01-26,112.3608169555664
2022-01-27,110.9046630859375
2022-01-28,112.5616683959961
2022-01-31,111.78337860107422
2022-02-01,113.42369079589844
2022-02-02,114.86314392089844
2022-02-03,115.30671691894531
2022-02-04,114.77943420410156
2022-02-07,114.8547592163086
2022-02-08,114.67066192626953
2022-02-09,115.31504821777344
2022-02-10,113.08753204345703
2022-02-11,112.38452911376953
2022-02-14,110.23322296142578
2022-02-15,110.05535888671875
2022-02-16,109.41167449951172
2022-02-17,105.84593200683594
2022-02-18,105.32080841064453
2022-02-22,104.95659637451172
2022-02-23,103.38970947265625
2022-02-24,103.30502319335938
2022-02-25,105.17682647705078
2022-02-28,103.76238250732422
2022-03-01,102.77989959716797
2022-03-02,104.90579986572266
2022-03-03,106.6590347290039
2022-03-04,107.24342346191406
2022-03-07,106.777587890625
2022-03-08,106.447265625
2022-03-09,106.90464782714844
2022-03-10,105.32080841064453
2022-03-11,104.99047088623047
2022-03-14,104.97355651855469
2022-03-15,106.41339111328125
2022-03-16,107.59915924072266
2022-03-17,108.37836456298828
2022-03-18,109.05593872070312
2022-03-21,108.4969482421875
2022-03-22,109.3100357055664
2022-03-23,108.66633605957031
2022-03-24,109.470947265625
2022-03-25,111.2496109008789
2022-03-28,111.35124206542969
2022-03-29,111.74931335449219
2022-03-30,111.91026306152344
2022-03-31,110.12313079833984
2022-04-01,110.23322296142578
2022-04-04,110.33486938476562
2022-04-05,109.16605377197266
2022-04-06,109.58953857421875
2022-04-07,108.87808227539062
2022-04-08,108.18356323242188
2022-04-11,107.03170013427734
2022-04-12,106.70137023925781
2022-04-13,106.83686828613281
2022-04-14,107.1926040649414
2022-04-18,106.8622817993164
2022-04-19,109.3862533569336
2022-04-20,117.15299987792969
2022-04-21,118.44883728027344
2022-04-22,117.09371185302734
2022-04-25,117.81363677978516
2022-04-26,115.34893035888672
2022-04-27,114.391845703125
2022-04-28,114.96780395507812
2022-04-29,111.97799682617188
2022-05-02,112.68097686767578
2022-05-03,112.24056243896484
2022-05-04,116.37378692626953
2022-05-05,115.1202392578125
2022-05-06,116.60244750976562
2022-05-09,115.24798583984375
2022-05-10,110.69602966308594
2022-05-11,112.08477783203125
2022-05-12,113.92784881591797
2022-05-13,114.52793884277344
2022-05-16,115.75376892089844
2022-05-17,118.61699676513672
2022-05-18,113.9621353149414
2022-05-19,111.15039825439453
2022-05-20,110.13883972167969
2022-05-23,112.44482421875
2022-05-24,114.69938659667969
2022-05-25,115.20515441894531
2022-05-26,117.3482666015625
2022-05-27,119.38851928710938
2022-05-31,119.01988220214844
2022-06-01,119.5256576538086
2022-06-02,120.14289093017578
2022-06-03,121.02582550048828
2022-06-06,122.483154296875
2022-06-07,122.39742279052734
2022-06-08,120.72579193115234
2022-06-09,118.26551818847656
2022-06-10,116.74817657470703
2022-06-13,115.8223648071289
2022-06-14,116.34527587890625
2022-06-15,117.49398040771484
2022-06-16,116.30242156982422
2022-06-17,115.7452163696289
2022-06-21,118.17121124267578
2022-06-22,117.51111602783203
2022-06-23,118.67698669433594
2022-06-24,121.78019714355469
2022-06-27,122.41458892822266
2022-06-28,121.6087646484375
2022-06-29,120.6229248046875
2022-06-30,121.03441619873047
2022-07-01,120.97440338134766
2022-07-05,117.97405242919922
2022-07-06,118.3683853149414
2022-07-07,120.72579193115234
2022-07-08,120.41719818115234
2022-07-11,120.87152862548828
2022-07-12,119.31134796142578
2022-07-13,117.59685516357422
2022-07-14,119.20850372314453
2022-07-15,119.94571685791016
2022-07-18,118.41123962402344
2022-07-19,112.19622039794922
2022-07-20,110.73889923095703
2022-07-21,108.99869537353516
2022-07-22,109.941650390625
2022-07-25,110.19026184082031
2022-07-26,109.79591369628906
2022-07-27,110.68746948242188
2022-07-28,110.77318572998047
2022-07-29,112.1190414428711
2022-08-01,113.19060516357422
2022-08-02,112.99343872070312
2022-08-03,113.44779205322266
2022-08-04,112.84773254394531
2022-08-05,113.56780242919922
2022-08-08,113.67924499511719
2022-08-09,112.38587188720703
2022-08-10,114.14801025390625
2022-08-11,115.05074310302734
2022-08-12,116.32678985595703
2022-08-15,117.12540435791016
2022-08-16,118.54032135009766
2022-08-17,119.60800170898438
2022-08-18,120.71908569335938
2022-08-19,120.11148834228516
2022-08-22,117.66360473632812
2022-08-23,116.9604721069336
2022-08-24,115.64970397949219
2022-08-25,116.30073547363281
2022-08-26,113.17578887939453
2022-08-29,113.11503601074219
2022-08-30,112.4813461303711
2022-08-31,111.50047302246094
2022-09-01,112.55081176757812
2022-09-02,110.92754364013672
2022-09-06,109.99872589111328
2022-09-07,110.85810089111328
2022-09-08,111.517822265625
2022-09-09,112.14281463623047
2022-09-12,113.4188461303711
2022-09-13,110.45880126953125
2022-09-14,110.84074401855469
2022-09-15,108.93103790283203
2022-09-16,110.47616577148438
2022-09-19,110.8754653930664
2022-09-20,109.63417053222656
2022-09-21,108.44495391845703
2022-09-22,108.77479553222656
2022-09-23,106.51789093017578
2022-09-26,105.9102554321289
2022-09-27,105.67587280273438
2022-09-28,106.56128692626953
2022-09-29,105.58039093017578
2022-09-30,103.13250732421875
2022-10-03,105.4762191772461
2022-10-04,108.93972778320312
2022-10-05,109.14805603027344
2022-10-06,106.10120391845703
2022-10-07,103.14118194580078
2022-10-10,102.21237182617188
2022-10-11,102.25577545166016
2022-10-12,102.05612182617188
2022-10-13,105.7192611694336
2022-10-14,104.20020294189453
2022-10-17,105.48489379882812
2022-10-18,106.71752166748047
2022-10-19,106.3442611694336
2022-10-20,111.37025451660156
2022-10-21,112.75911712646484
2022-10-24,115.18099212646484
2022-10-25,115.3892822265625
2022-10-26,117.19482421875
2022-10-27,116.98649597167969
2022-10-28,120.23297119140625
2022-10-31,120.04203033447266
2022-11-01,119.96391296386719
2022-11-02,118.77468872070312
2022-11-03,116.72610473632812
2022-11-04,118.88753509521484
2022-11-07,120.08544158935547
2022-11-08,121.56107330322266
2022-11-09,120.6827392578125
2022-11-10,124.05572509765625
2022-11-11,125.75981140136719
2022-11-14,126.66455841064453
2022-11-15,126.78756713867188
2022-11-16,126.94569396972656
2022-11-17,128.32473754882812
2022-11-18,129.68624877929688
2022-11-21,128.843017578125
2022-11-22,130.96871948242188
2022-11-23,130.6613006591797
2022-11-25,130.32749938964844
2022-11-28,128.40380859375
2022-11-29,128.6761016845703
2022-11-30,130.79302978515625
2022-12-01,131.02145385742188
2022-12-02,130.59100341796875
2022-12-05,129.48423767089844
2022-12-06,129.56329345703125
2022-12-07,129.3612823486328
2022-12-08,129.80923461914062
2022-12-09,129.1680145263672
2022-12-12,131.0653533935547
2022-12-13,132.2599639892578
2022-12-14,131.63629150390625
2022-12-15,125.04833221435547
2022-12-16,123.11588287353516
2022-12-19,121.98275756835938
2022-12-20,124.09967803955078
2022-12-21,124.85509490966797
2022-12-22,123.74830627441406
2022-12-23,124.42464447021484
2022-12-27,125.10101318359375
2022-12-28,122.99288940429688
2022-12-29,123.90640258789062
2022-12-30,123.7571029663086
2023-01-03,124.33683776855469
2023-01-04,125.25916290283203
2023-01-05,123.95035552978516
2023-01-06,126.22539520263672
2023-01-09,126.09361267089844
2023-01-10,127.19166564941406
2023-01-11,127.59564971923828
2023-01-12,127.85041046142578
2023-01-13,128.14906311035156
2023-01-17,127.5342025756836
2023-01-18,123.33547973632812
2023-01-19,123.51990509033203
2023-01-20,124.0293960571289
2023-01-23,124.60913848876953
2023-01-24,124.28411865234375
2023-01-25,123.64289855957031
2023-01-26,118.10023498535156
2023-01-27,118.04753875732422
2023-01-30,118.84686279296875
2023-01-31,118.34618377685547
2023-02-01,118.66238403320312
2023-02-02,119.8043212890625
2023-02-03,120.28742980957031
2023-02-06,119.61984252929688
2023-02-07,119.32119750976562
2023-02-08,119.44416809082031
2023-02-09,118.92845153808594
2023-02-10,120.57344818115234
2023-02-13,122.1295394897461
2023-02-14,120.93800354003906
2023-02-15,121.28478240966797
2023-02-16,120.03990936279297
2023-02-17,120.05772399902344
2023-02-21,117.11451721191406
2023-02-22,116.45650482177734
2023-02-23,116.29643249511719
2023-02-24,116.10084533691406
2023-02-27,116.02971649169922
2023-02-28,114.97157287597656
2023-03-01,113.98458099365234
2023-03-02,114.642578125
2023-03-03,115.27388763427734
2023-03-06,115.7629623413086
2023-03-07,114.0379409790039
2023-03-08,113.86009979248047
2023-03-09,112.17952728271484
2023-03-10,111.54820251464844
2023-03-13,111.66381072998047
2023-03-14,110.83687591552734
2023-03-15,109.61869049072266
2023-03-16,110.88131713867188
2023-03-17,109.98326110839844
2023-03-20,111.98391723632812
2023-03-21,112.54409790039062
2023-03-22,110.30335998535156
2023-03-23,109.6987075805664
2023-03-24,111.40595245361328
2023-03-27,114.98045349121094
2023-03-28,115.00712585449219
2023-03-29,115.3361587524414
2023-03-30,114.90043640136719
2023-03-31,116.56322479248047
2023-04-03,117.42572784423828
2023-04-04,117.01670837402344
2023-04-05,117.49685668945312
2023-04-06,116.03860473632812
2023-04-10,116.50985717773438
2023-04-11,115.96746826171875
2023-04-12,114.29579162597656
2023-04-13,113.72671508789062
2023-04-14,113.94012451171875
2023-04-17,113.65557861328125
2023-04-18,113.62002563476562
2023-04-19,112.32180786132812
2023-04-20,112.35738372802734
2023-04-21,111.79719543457031
2023-04-24,111.5037612915039
2023-04-25,111.939453125
2023-04-26,111.90388488769531
2023-04-27,112.8997802734375
2023-04-28,112.40182495117188
2023-05-01,112.11729431152344
2023-05-02,111.29035949707031
2023-05-03,109.76985931396484
2023-05-04,108.98738098144531
2023-05-05,109.94769287109375
2023-05-08,109.72538757324219
2023-05-09,109.2116470336914
2023-05-10,109.9777603149414
2023-05-11,108.96829223632812
2023-05-12,110.71682739257812
2023-05-15,111.18550872802734
2023-05-16,111.27564239501953
2023-05-17,113.30358123779297
2023-05-18,113.70015716552734
2023-05-19,114.70060729980469
2023-05-22,114.91693115234375
2023-05-23,115.5298080444336
2023-05-24,113.27655029296875
2023-05-25,114.24995422363281
2023-05-26,116.16973876953125
2023-05-30,116.7015151977539
2023-05-31,115.89934539794922
2023-06-01,117.00797271728516
2023-06-02,119.35136413574219
2023-06-05,119.54966735839844
2023-06-06,119.59471130371094
2023-06-07,121.11792755126953
2023-06-08,121.14497375488281
2023-06-09,121.94713592529297
2023-06-12,122.95661926269531
2023-06-13,124.02015686035156
2023-06-14,123.65962982177734
2023-06-15,124.74116516113281
2023-06-16,123.91200256347656
2023-06-20,122.54199981689453
2023-06-21,120.49603271484375
2023-06-22,118.2247543334961
2023-06-23,116.65643310546875
2023-06-26,118.37796783447266
2023-06-27,119.27925109863281
2023-06-28,118.7564926147461
2023-06-29,120.82952117919922
2023-06-30,120.60418701171875
2023-07-03,120.47801208496094
2023-07-05,120.99174499511719
2023-07-06,119.11703491210938
2023-07-07,119.044921875
2023-07-10,119.78397369384766
2023-07-11,121.1719970703125
2023-07-12,119.72991943359375
2023-07-13,120.70331573486328
2023-07-14,120.23463439941406
2023-07-17,120.99174499511719
2023-07-18,122.00121307373047
2023-07-19,122.1093521118164
2023-07-20,124.72315216064453
2023-07-21,125.22791290283203
2023-07-24,125.76866912841797
2023-07-25,126.48075866699219
2023-07-26,127.14771270751953
2023-07-27,128.86019897460938
2023-07-28,129.2928009033203
2023-07-31,129.95077514648438
2023-08-01,129.18466186523438
2023-08-02,129.94174194335938
2023-08-03,130.19412231445312
2023-08-04,130.00482177734375
2023-08-07,131.7533721923828
2023-08-08,131.51004028320312
2023-08-09,129.9054718017578
2023-08-10,130.5983428955078
2023-08-11,130.47982788085938
2023-08-14,129.376708984375
2023-08-15,129.34022521972656
2023-08-16,128.2188262939453
2023-08-17,128.2371063232422
2023-08-18,128.92083740234375
2023-08-21,129.71400451660156
2023-08-22,128.99375915527344
2023-08-23,130.74420166015625
2023-08-24,130.87184143066406
2023-08-25,132.5128936767578
2023-08-28,133.12371826171875
2023-08-29,133.5157012939453
2023-08-30,133.88949584960938
2023-08-31,133.86216735839844
2023-09-01,134.8741455078125
2023-09-05,135.04733276367188
2023-09-06,134.98355102539062
2023-09-07,134.4912109375
2023-09-08,134.6370849609375
2023-09-11,135.27525329589844
2023-09-12,133.37896728515625
2023-09-13,133.6068878173828
2023-09-14,134.33627319335938
2023-09-15,133.09634399414062
2023-09-18,132.27584838867188
2023-09-19,133.5795440673828
2023-09-20,136.59718322753906
2023-09-21,134.3636016845703
2023-09-22,133.93511962890625
2023-09-25,133.54307556152344
2023-09-26,130.58926391601562
2023-09-27,130.52537536621094
2023-09-28,129.07583618164062
2023-09-29,127.9089126586914
2023-10-02,128.36471557617188
2023-10-03,127.9909439086914
2023-10-04,128.6108856201172
2023-10-05,129.0211639404297
2023-10-06,129.486083984375
2023-10-09,129.64109802246094
2023-10-10,129.5590362548828
2023-10-11,130.58009338378906
2023-10-12,128.765869140625
2023-10-13,126.2314224243164
2023-10-16,126.9151611328125
2023-10-17,127.92713165283203
2023-10-18,127.60803985595703
2023-10-19,125.82112884521484
2023-10-20,125.04622650146484
2023-10-23,124.3351058959961
2023-10-24,125.62055206298828
2023-10-25,124.9732666015625
2023-10-26,131.0633087158203
2023-10-27,129.93280029296875
2023-10-30,130.03309631347656
2023-10-31,131.86558532714844
2023-11-01,132.5584259033203
2023-11-02,134.02626037597656
2023-11-03,134.83767700195312
2023-11-06,135.8131561279297
2023-11-07,135.68553161621094
2023-11-08,134.95616149902344
2023-11-09,135.18670654296875
2023-11-10,137.39956665039062
2023-11-13,136.55128479003906
2023-11-14,138.68116760253906
2023-11-15,140.6819610595703
2023-11-16,141.12448120117188
2023-11-17,140.96774291992188
2023-11-20,142.31390380859375
2023-11-21,141.90821838378906
2023-11-22,143.03311157226562
2023-11-24,143.07919311523438
2023-11-27,143.4387969970703
2023-11-28,143.5125274658203
2023-11-29,144.2132568359375
2023-11-30,146.1956024169922
2023-12-01,148.03045654296875
2023-12-04,148.53753662109375
2023-12-05,148.80494689941406
2023-12-06,147.78150939941406
2023-12-07,147.72618103027344
2023-12-08,149.3304901123047
2023-12-11,150.75962829589844
2023-12-12,151.86602783203125
2023-12-13,150.86105346679688
2023-12-14,150.2064208984375
2023-12-15,149.57945251464844
2023-12-18,150.0496826171875
2023-12-19,148.96165466308594
2023-12-20,147.56942749023438
2023-12-21,148.2425079345703
2023-12-22,149.4964599609375
2023-12-26,150.48301696777344
2023-12-27,150.71351623535156
2023-12-28,150.98092651367188
2023-12-29,150.79652404785156
2024-01-02,148.9063720703125
2024-01-03,147.6155242919922
2024-01-04,148.3162384033203
2024-01-05,146.74884033203125
2024-01-08,148.5744171142578
2024-01-09,147.5970916748047
2024-01-10,148.65740966796875
2024-01-11,149.514892578125
2024-01-12,152.87106323242188
2024-01-16,153.94061279296875
2024-01-17,153.1291961669922
2024-01-18,153.82994079589844
2024-01-19,158.10812377929688
2024-01-22,159.3528594970703
2024-01-23,160.3762969970703
2024-01-24,160.36709594726562
2024-01-25,175.58041381835938
2024-01-26,172.80514526367188
2024-01-29,172.54698181152344
2024-01-30,173.2200469970703
2024-01-31,169.33831787109375
2024-02-01,172.32566833496094
2024-02-02,171.30226135253906
2024-02-05,169.11705017089844
2024-02-06,169.1078643798828
2024-02-07,169.412109375
2024-02-08,171.53347778320312
2024-02-09,173.37571716308594
2024-02-12,173.208251953125
2024-02-13,170.91937255859375
2024-02-14,170.7984619140625
2024-02-15,173.86883544921875
2024-02-16,174.5852813720703
2024-02-20,170.677490234375
2024-02-21,167.19769287109375
2024-02-22,171.39390563964844
2024-02-23,172.79884338378906
2024-02-26,171.31948852539062
2024-02-27,172.0079803466797
2024-02-28,172.40809631347656
2024-02-29,172.15687561035156
2024-03-01,175.10629272460938
2024-03-04,179.62818908691406
2024-03-05,178.59539794921875
2024-03-06,182.51251220703125
2024-03-07,182.8660888671875
2024-03-08,182.31712341308594
2024-03-11,178.3907012939453
2024-03-12,184.01979064941406
2024-03-13,183.0149383544922
2024-03-14,179.9724578857422
2024-03-15,177.77667236328125
2024-03-18,178.353515625
2024-03-19,179.8887176513672
2024-03-20,180.465576171875
2024-03-21,178.5488739013672
2024-03-22,177.5626220703125
2024-03-25,175.65525817871094
2024-03-26,175.38543701171875
2024-03-27,177.52540588378906
2024-03-28,177.67431640625
2024-04-01,176.62290954589844
2024-04-02,175.73899841308594
2024-04-03,177.6184539794922
2024-04-04,174.86439514160156
2024-04-05,175.98092651367188
2024-04-08,176.6136016845703
2024-04-09,176.13909912109375
2024-04-10,173.09657287597656
2024-04-11,172.96632385253906
2024-04-12,169.5888671875
2024-04-15,168.63983154296875
2024-04-16,170.96591186523438
2024-04-17,170.36114501953125
2024-04-18,168.8445587158203
2024-04-19,168.94688415527344
2024-04-22,169.24462890625
2024-04-23,169.51446533203125
2024-04-24,171.29156494140625
2024-04-25,157.15838623046875
2024-04-26,155.5022430419922
2024-04-29,155.78135681152344
2024-04-30,154.6369171142578
2024-05-01,152.99008178710938
2024-05-02,153.2319793701172
2024-05-03,154.1810302734375
2024-05-06,156.87924194335938
2024-05-07,156.66525268554688
2024-05-08,158.0795135498047
2024-05-09,156.2377471923828
2024-05-10,157.0646514892578
2024-05-13,157.4499053955078
2024-05-14,157.2620086669922
2024-05-15,158.10768127441406
2024-05-16,158.77484130859375
2024-05-17,158.83120727539062
2024-05-20,159.6675262451172
2024-05-21,163.0033416748047
2024-05-22,163.2100830078125
2024-05-23,160.37229919433594
2024-05-24,160.57901000976562
2024-05-28,159.42323303222656
2024-05-29,156.970703125
2024-05-30,155.63638305664062
2024-05-31,156.7827911376953
2024-06-03,155.30746459960938
2024-06-04,155.8054962158203
2024-06-05,157.28076171875
2024-06-06,158.05133056640625
2024-06-07,159.75210571289062
2024-06-10,160.0997772216797
2024-06-11,159.10374450683594
2024-06-12,158.80303955078125
2024-06-13,158.91580200195312
2024-06-14,159.00038146972656
2024-06-17,159.27288818359375
2024-06-18,160.259521484375
2024-06-20,163.42617797851562
2024-06-21,162.0542755126953
2024-06-24,164.45042419433594
2024-06-25,162.18582153320312
2024-06-26,161.4998779296875
2024-06-27,160.5414276123047
2024-06-28,162.51470947265625
2024-07-01,164.5349884033203
2024-07-02,166.60223388671875
2024-07-03,165.12698364257812
2024-07-05,165.3994903564453
2024-07-08,166.9217529296875
2024-07-09,165.8317108154297
2024-07-10,167.10964965820312
2024-07-11,167.5513153076172
2024-07-12,171.79859924316406
2024-07-15,171.8455810546875
2024-07-16,174.59878540039062
2024-07-17,176.13980102539062
2024-07-18,174.04437255859375
2024-07-19,172.19326782226562
2024-07-22,173.03892517089844
2024-07-23,172.99195861816406
2024-07-24,172.91676330566406
2024-07-25,180.39649963378906
2024-07-26,180.18038940429688
2024-07-29,179.94544982910156
2024-07-30,179.51321411132812
2024-07-31,180.54684448242188
2024-08-01,178.2164764404297
2024-08-02,177.70904541015625
2024-08-05,172.24960327148438
2024-08-06,175.529052734375
2024-08-07,175.529052734375
2024-08-08,180.9884796142578
2024-08-09,181.471923828125
2024-08-12,179.60455322265625
2024-08-13,181.03590393066406
2024-08-14,182.2965545654297
2024-08-15,183.8415985107422
2024-08-16,183.6804656982422
2024-08-19,184.58094787597656
2024-08-20,185.81321716308594
2024-08-21,186.9317169189453
2024-08-22,185.74685668945312
2024-08-23,185.8795623779297
2024-08-26,187.6615753173828
2024-08-27,188.3724822998047
2024-08-28,188.11656188964844
2024-08-29,188.53363037109375
2024-08-30,191.5952911376953
2024-09-03,190.78958129882812
2024-09-04,193.47207641601562
2024-09-05,192.03131103515625
2024-09-06,190.27772521972656
2024-09-09,192.9223175048828
2024-09-10,194.61903381347656
2024-09-11,198.9508819580078
2024-09-12,200.58120727539062
2024-09-13,203.595458984375
2024-09-16,205.8419189453125
2024-09-17,202.96986389160156
2024-09-18,203.73765563964844
2024-09-19,202.74237060546875
2024-09-20,206.3538055419922
2024-09-23,209.0078582763672
2024-09-24,209.45335388183594
2024-09-25,209.69981384277344
2024-09-26,211.78517150878906
2024-09-27,209.33013916015625
2024-09-30,209.55764770507812
2024-10-01,207.91781616210938
2024-10-02,208.27798461914062
2024-10-03,211.11215209960938
2024-10-04,214.22120666503906
2024-10-07,215.28282165527344
2024-10-08,216.70465087890625
2024-10-09,222.08863830566406
2024-10-10,220.87535095214844
2024-10-11,221.1028289794922
2024-10-14,222.9985809326172
2024-10-15,220.81846618652344
2024-10-16,221.491455078125
2024-10-17,220.74264526367188
2024-10-18,220.09808349609375
2024-10-21,219.67153930664062
2024-10-22,220.14547729492188
2024-10-23,220.61940002441406
2024-10-24,207.00782775878906
2024-10-25,203.48171997070312
2024-10-28,201.81344604492188
2024-10-29,199.4626922607422
2024-10-30,194.2209014892578
2024-10-31,195.94606018066406
2024-11-01,197.39630126953125
2024-11-04,195.56690979003906
2024-11-05,196.7517547607422
2024-11-06,202.4674835205078
2024-11-07,202.5527801513672
2024-11-08,202.58123779296875
2024-11-11,202.43907165527344
2024-11-12,201.44546508789062
2024-11-13,201.5028076171875
2024-11-14,199.6589813232422
2024-11-15,195.8375701904297
2024-11-18,198.79917907714844
2024-11-19,200.86273193359375
2024-11-20,205.01849365234375
2024-11-21,212.47023010253906
2024-11-22,213.01480102539062
2024-11-25,216.03369140625
2024-11-26,218.61314392089844
2024-11-27,216.78843688964844
2024-11-29,217.2565460205078
2024-12-02,217.2374725341797
2024-12-03,218.7755889892578
2024-12-04,223.06509399414062
2024-12-05,224.26885986328125
2024-12-06,227.41192626953125
2024-12-09,219.73092651367188
2024-12-10,221.3741455078125
2024-12-11,219.8455810546875
2024-12-12,221.8900146484375
2024-12-13,220.51429748535156
2024-12-16,219.09083557128906
2024-12-17,218.74691772460938
2024-12-18,210.3397979736328
2024-12-19,213.92239379882812
2024-12-20,213.38739013671875
2024-12-23,212.02120971679688
2024-12-24,214.39048767089844
2024-12-26,214.8490447998047
2024-12-27,212.83326721191406
2024-12-30,210.41624450683594
2024-12-31,210.01499938964844
2025-01-02,210.12008666992188
2025-01-03,212.70907592773438
2025-01-06,212.72817993164062
2025-01-07,213.96058654785156
2025-01-08,213.21542358398438
2025-01-10,209.9385528564453
2025-01-13,207.69349670410156
2025-01-14,208.02786254882812
2025-01-15,210.20606994628906
2025-01-16,212.71864318847656
2025-01-17,214.75352478027344
2025-01-21,214.24720764160156
2025-01-22,213.29183959960938
2025-01-23,215.94772338867188
2025-01-24,214.76307678222656
2025-01-27,214.12303161621094
2025-01-28,215.58468627929688
2025-01-29,218.42208862304688
2025-01-30,246.7386932373047
2025-01-31,244.28346252441406
2025-02-03,249.08889770507812
2025-02-04,252.65232849121094
2025-02-05,251.54409790039062
2025-02-06,242.12437438964844
2025-02-07,241.07347106933594
2025-02-10,239.7270965576172
2025-02-11,244.94918823242188
2025-02-12,246.01669311523438
2025-02-13,249.26731872558594
2025-02-14,251.27731323242188
2025-02-18,252.998779296875
2025-02-19,254.20091247558594
2025-02-20,254.6048126220703
2025-02-21,251.46966552734375
2025-02-24,251.8446807861328
2025-02-25,247.8824462890625
2025-02-26,246.04556274414062
2025-02-27,243.5354766845703
2025-02-28,242.77572631835938
2025-03-03,240.6118621826172
2025-03-04,243.51625061035156
2025-03-05,241.7274627685547
2025-03-06,239.16929626464844
2025-03-07,251.52734375
2025-03-10,247.06497192382812
2025-03-11,239.41932678222656
2025-03-12,240.0732879638672
2025-03-13,236.38990783691406
2025-03-14,238.84231567382812
2025-03-17,243.2854461669922
2025-03-18,237.4958953857422
2025-03-19,242.6314697265625
2025-03-20,234.00486755371094
2025-03-21,234.5338134765625
2025-03-24,238.93846130371094
2025-03-25,240.33297729492188
2025-03-26,240.75611877441406
2025-03-27,236.78424072265625
2025-03-28,234.65884399414062
2025-03-31,239.14044189453125
2025-04-01,240.75611877441406
2025-04-02,240.40989685058594
2025-04-03,234.1683807373047
2025-04-04,218.7712860107422
2025-04-07,217.13636779785156
2025-04-08,212.56820678710938
2025-04-09,226.301513671875
2025-04-10,220.76202392578125
2025-04-11,226.46499633789062
2025-04-14,229.907958984375
2025-04-15,231.48516845703125
2025-04-16,229.4367218017578
2025-04-17,229.6675262451172
2025-04-21,227.1766815185547
2025-04-22,231.67752075195312
2025-04-23,236.0821990966797
2025-04-24,220.5504608154297
2025-04-25,223.5125274658203
2025-04-28,227.1189727783203
2025-04-29,230.22532653808594
2025-04-30,232.5623016357422
2025-05-01,230.4849853515625
2025-05-02,236.14950561523438
2025-05-05,239.64053344726562
2025-05-06,239.58282470703125
2025-05-07,243.6701202392578
2025-05-08,244.41064453125
2025-05-09,241.25457763671875
2025-05-12,245.6014404296875
2025-05-13,250.34519958496094
2025-05-14,249.59974670410156
2025-05-15,258.1772155761719
2025-05-16,258.2547302246094
2025-05-19,259.85205078125
2025-05-20,258.43865966796875
2025-05-21,252.552490234375
2025-05-22,250.13218688964844
2025-05-23,250.3839111328125
2025-05-27,254.83724975585938
2025-05-28,251.9425506591797
2025-05-29,250.4420166015625
2025-05-30,250.80020141601562
2025-06-02,255.4859161376953
2025-06-03,256.74444580078125
2025-06-04,257.0542297363281
2025-06-05,258.3515319824219
2025-06-06,260.2974548339844
2025-06-09,263.4050598144531
2025-06-10,267.43243408203125
2025-06-11,272.5440673828125
2025-06-12,272.0697021484375
2025-06-13,268.3811950683594
2025-06-16,272.8442077636719
2025-06-17,274.02532958984375
2025-06-18,274.1802062988281
2025-06-20,272.0115966796875
2025-06-23,279.9598083496094
2025-06-24,284.42291259765625
2025-06-25,281.7799072265625
2025-06-26,282.6221923828125
2025-06-27,280.46331787109375
2025-06-30,285.38134765625
2025-07-01,281.91546630859375
2025-07-02,278.4786376953125
2025-07-03,282.6609191894531
2025-07-07,283.1449890136719
2025-07-08,281.1603088378906
2025-07-09,280.8892517089844
2025-07-10,278.2656555175781
2025-07-11,274.548095703125
2025-07-14,274.7417297363281
2025-07-15,273.68646240234375
2025-07-16,272.93133544921875
2025-07-17,273.0087890625
2025-07-18,276.7554016113281
2025-07-21,275.6323547363281
2025-07-22,272.9700622558594
2025-07-23,273.01849365234375
2025-07-24,252.20399475097656
2025-07-25,251.43917846679688
2025-07-28,254.81788635253906
2025-07-29,254.04339599609375
2025-07-30,251.9619598388672
2025-07-31,245.07861328125
2025-08-01,242.0774688720703
2025-08-04,243.9459228515625
2025-08-05,242.6776885986328
2025-08-06,244.2363739013672
2025-08-07,242.18397521972656
2025-08-08,236.13133239746094
2025-08-11,230.31259155273438
2025-08-12,228.82135009765625
2025-08-13,233.98707580566406
2025-08-14,231.10206604003906
2025-08-15,233.64593505859375
2025-08-18,233.3827667236328
2025-08-19,235.16639709472656
2025-08-20,236.40423583984375
2025-08-21,233.3340301513672
2025-08-22,235.95587158203125
2025-08-25,233.36328125
2025-08-26,236.4822235107422
2025-08-27,238.63619995117188
2025-08-28,239.503662109375
2025-08-29,237.32041931152344
2025-09-02,235.38082885742188
2025-09-03,237.91494750976562
2025-09-04,240.91693115234375
2025-09-05,242.23269653320312
2025-09-08,249.6011505126953
2025-09-09,252.54461669921875
2025-09-10,250.3711395263672
2025-09-11,250.4978485107422
2025-09-12,247.018310546875
2025-09-15,249.74734497070312
2025-09-16,250.9949188232422
2025-09-17,252.515380859375
2025-09-18,258.285400390625
2025-09-19,259.64990234375
2025-09-22,264.49395751953125
2025-09-23,265.3419189453125
2025-09-24,260.7512512207031
2025-09-25,274.308837890625
2025-09-26,277.1061096191406
2025-09-29,272.7103576660156
2025-09-30,275.0106201171875
2025-10-01,279.2308654785156
2025-10-02,279.45501708984375
2025-10-03,281.063232421875
2025-10-06,282.086669921875
2025-10-07,286.42388916015625
2025-10-08,282.1255798339844
2025-10-09,280.9267883300781
2025-10-10,270.7805480957031
2025-10-13,270.19573974609375
2025-10-14,269.1528625488281
2025-10-15,273.63629150390625
2025-10-16,268.9774169921875
2025-10-17,274.15289306640625
2025-10-20,276.46282958984375
2025-10-21,274.9033508300781
2025-10-22,280.2250061035156
2025-10-23,277.7786560058594
2025-10-24,299.6695251464844
2025-10-27,305.1568908691406
2025-10-28,304.6500549316406
2025-10-29,300.4005126953125
2025-10-30,302.2036437988281
2025-10-31,299.6208190917969
2025-11-03,297.0086975097656
2025-11-04,293.2270202636719
2025-11-05,298.99700927734375
2025-11-06,304.50384521484375
2025-11-07,298.61688232421875
2025-11-10,302.95843505859375
2025-11-11,307.4568176269531
2025-11-12,308.6916809082031
2025-11-13,298.773681640625
2025-11-14,299.5871276855469
2025-11-17,291.2372131347656
2025-11-18,284.161376953125
2025-11-19,282.76971435546875
2025-11-20,284.60235595703125
2025-11-21,291.5018310546875
2025-11-24,298.0484619140625
2025-11-25,298.40130615234375
2025-11-26,297.1566162109375
2025-11-28,302.41943359375
2025-12-01,299.56756591796875
2025-12-02,295.75518798828125
2025-12-03,296.57843017578125
2025-12-04,301.8411865234375
2025-12-05,301.7922058105469
2025-12-08,303.0074157714844
2025-12-09,304.281494140625
2025-12-10,306.42779541015625
2025-12-11,304.5362854003906
2025-12-12,303.06622314453125
2025-12-15,302.4978332519531
2025-12-16,297.12725830078125
2025-12-17,297.2644348144531
2025-12-18,294.4517822265625
2025-12-19,294.9711608886719
2025-12-22,296.7450256347656
2025-12-23,297.71527099609375
2025-12-24,298.4797058105469
2025-12-26,298.9991149902344
2025-12-29,299.6361083984375
2025-12-30,296.0198059082031
2025-12-31,290.29638671875
2026-01-02,285.680419921875
2026-01-05,289.0811462402344
2026-01-06,296.4314270019531
2026-01-07,290.8060302734375
2026-01-08,296.6764221191406
2026-01-09,298.1464538574219
2026-01-12,305.9475402832031
2026-01-13,297.10760498046875
2026-01-14,302.8604736328125
2026-01-15,292.00164794921875
2026-01-16,299.56756591796875
2026-01-20,285.533447265625
2026-01-21,291.5998229980469
2026-01-22,288.7871398925781
2026-01-23,286.6016540527344
2026-01-26,290.41400146484375
2026-01-27,287.9932861328125
2026-01-28,288.2873229980469
2026-01-29,303.06622314453125
2026-01-30,300.57696533203125
2026-02-02,308.4466552734375
2026-02-03,288.434326171875
2026-02-04,283.2793273925781
2026-02-05,284.10260009765625
2026-02-06,292.96209716796875
2026-02-09,290.4237976074219
2026-02-10,287.56549072265625
2026-02-11,268.887939453125
2026-02-12,255.78897094726562
2026-02-13,258.6078796386719
2026-02-17,254.5963897705078
2026-02-18,257.0407409667969
2026-02-19,252.59556579589844
2026-02-20,253.4629364013672
2026-02-23,220.1389923095703
2026-02-24,226.02317810058594
2026-02-25,234.12498474121094
2026-02-26,238.5307159423828
2026-02-27,236.75660705566406
2026-03-02,235.9286651611328
2026-03-03,241.7537078857422
2026-03-04,246.46499633789062
2026-03-05,252.86167907714844
2026-03-06,255.12863159179688
2026-03-09,249.68797302246094
2026-03-10,246.60296630859375
2026-03-11,245.29209899902344
2026-03-12,244.11920166015625
2026-03-13,242.7393341064453
2026-03-16,245.66664123535156
2026-03-17,252.42800903320312
2026-03-18,247.9828643798828
2026-03-19,246.77053833007812
2026-03-20,238.29417419433594
2026-03-23,244.8682861328125
2026-03-24,237.13113403320312
2026-03-25,237.91964721679688
2026-03-26,238.19561767578125
2026-03-27,232.94224548339844
2026-03-30,233.8391571044922
2026-03-31,238.90525817871094
2026-04-01,239.6444854736328
2026-04-02,244.59231567382812
2026-04-06,243.19271850585938
2026-04-07,241.54673767089844
2026-04-08,238.2646026611328
2026-04-09,233.77015686035156
2026-04-10,227.44244384765625
2026-04-13,234.40097045898438
2026-04-14,236.81573486328125
2026-04-15,241.28062438964844
2026-04-16,247.3914794921875
2026-04-17,249.8259735107422
2026-04-20,250.06253051757812
2026-04-21,252.00418090820312
2026-04-22,248.23910522460938
2026-04-23,227.7578582763672
2026-04-24,228.64491271972656
2026-04-27,224.77142333984375
2026-04-28,229.68966674804688
2026-04-29,223.8350830078125
2026-04-30,227.6593017578125
2026-05-01,228.86175537109375
2026-05-04,226.1808624267578
2026-05-05,225.73733520507812
2026-05-06,222.49464416503906
2026-05-07,227.98455810546875
2026-05-08,228.12355041503906
2026-05-11,221.95779418945312
2026-05-12,217.65863037109375
2026-05-13,213.1112518310547
2026-05-14,216.81468200683594
2026-05-15,217.73806762695312
2026-05-18,221.16348266601562
2026-05-19,220.74647521972656
2026-05-20,223.3974609375
2026-05-21,251.16824340820312
2026-05-22,252.03204345703125
2026-05-26,248.9044952392578
2026-05-27,253.38235473632812
2026-05-28,262.338134765625
2026-05-29,295.6789245605469
2026-06-01,318.1378479003906
2026-06-02,326.8851013183594
2026-06-03,303.45318603515625
2026-06-04,299.62066650390625
2026-06-05,282.8112487792969
2026-06-08,278.81988525390625
2026-06-09,275.51361083984375
2026-06-10,270.4201354980469
2026-06-11,272.8924255371094
2026-06-12,270.3009948730469
2026-06-15,266.796142578125
2026-06-16,268.8811950683594
2026-06-17,260.4814453125
2026-06-18,247.32582092285156
2026-06-22,250.423583984375
2026-06-23,263.0530090332031
2026-06-24,261.08709716796875
2026-06-25,256.43048095703125
2026-06-26,269.6953430175781
2026-06-29,276.01995849609375
2026-06-30,279.20709228515625
2026-07-01,284.2112121582031
2026-07-02,287.4579162597656
2026-07-06,297.3866882324219
2026-07-07,303.9496154785156
2026-07-08,299.898681640625
2026-07-09,293.1967468261719
2026-07-10,285.5118713378906
2026-07-13,288.1628723144531
2026-07-14,215.52394104003906
2026-07-15,209.69573974609375
2026-07-16,217.48983764648438
2026-07-17,211.1552734375
2026-07-20,211.48292541503906
2026-07-21,209.000732421875
2026-07-22,204.30442810058594
2026-07-23,205.1781463623047
2026-07-24,212.66445922851562
2026-07-27,214.73956298828125
2026-07-28,225.92930603027344
2026-07-29,224.82720947265625
2026-07-30,220.1606903076172
2026-07-31,222.05706787109375
2026-08-03,224.69813537597656
2026-08-04,233.47515869140625
2026-08-05,234.23968505859375
2026-08-06,231.7674102783203
2026-08-07,235.58999633789062
2026-08-10,236.30999755859375
2026-08-11,238.4199981689453
2026-08-12,235.97999572753906
2026-08-13,237.13999938964844
2026-08-14,234.32000732421875
